customer_id,registration_date,segment,region,channel_registered,age_band,first_transaction_date,last_transaction_date,total_transactions,total_value_ksh,monthly_active_months,status,preferred_product,value_flag,is_activated
CUS00112,2024-05-25,Mass Market,Mombasa,Agent,26-35,,,0,0.0,0,Dormant,Digital Loan,,0
CUS00353,2024-08-30,Mass Market,Mombasa,Branch,55+,2024-09-18,2024-11-22,4,9569.17,1,Dormant,Bill Pay,,1
CUS01318,2024-01-02,Mass Affluent,Nairobi,Agent,18-25,,,0,0.0,0,Dormant,Mobile Transfer,,0
CUS01135,2024-05-05,Mass Affluent,Nairobi,Mobile App,36-45,2024-05-22,2024-07-16,48,221643.54,4,Churned,Airtime,,1
CUS00858,2024-08-16,Mass Affluent,Mombasa,Agent,18-25,,,0,0.0,0,Dormant,Digital Loan,,0
CUS00675,2024-03-09,Mass Market,Kisumu,Branch,26-35,,,0,0.0,0,Dormant,Merchant Pay,,0
CUS00527,2024-09-16,Mass Affluent,Mombasa,Agent,36-45,2024-09-23,2024-12-27,12,124627.37,1,Active,Bill Pay,,1
CUS01458,2024-07-30,Corporate,Nairobi,Agent,26-35,2024-08-13,2024-08-28,85,24402644.5,3,Churned,Digital Loan,,1
CUS00571,2024-01-01,Mass Market,Nairobi,Agent,46-55,2024-01-09,2024-10-13,12,15785.96,3,Dormant,Mobile Transfer,,1
CUS00923,2024-05-06,Mass Market,Mombasa,Mobile App,36-45,2024-05-14,2024-07-23,10,7981.39,2,Churned,Bill Pay,,1
CUS00394,2024-08-17,Mass Affluent,Eldoret,USSD,36-45,2024-08-22,2024-09-04,23,125188.53,2,Churned,Bill Pay,,1
CUS01406,2024-11-18,SME,Nairobi,Mobile App,18-25,2024-12-04,2024-12-06,11,671595.93,1,,Digital Loan,,1
CUS01404,2024-05-09,Mass Affluent,Nakuru,USSD,26-35,2024-05-11,2024-09-12,30,260297.54,3,Churned,Bill Pay,,1
CUS01698,2024-07-24,Mass Market,Nairobi,Agent,Unknown,2024-08-04,2024-08-25,5,9538.87,1,Churned,Mobile Transfer,,1
CUS01588,2024-03-15,Mass Market,Nairobi,USSD,26-35,,,0,0.0,0,Dormant,Bill Pay,,0
CUS00434,2024-10-10,Mass Market,Nakuru,Mobile App,18-25,2024-10-24,2024-11-11,2,4512.18,1,Dormant,Bill Pay,,1
CUS01293,2024-04-08,Mass Market,Mombasa,USSD,36-45,,,0,0.0,0,Dormant,Bill Pay,,0
CUS00577,2024-09-14,Mass Market,Nakuru,Mobile App,Unknown,2024-10-01,2024-11-22,4,4457.63,1,Dormant,Mobile Transfer,,1
CUS01090,2024-10-05,Mass Affluent,Mombasa,Branch,26-35,2024-10-09,2024-12-05,7,31405.56,1,Active,Bill Pay,,1
CUS01532,2024-08-26,Mass Market,Nairobi,Branch,36-45,,,0,0.0,0,Dormant,Merchant Pay,,0
CUS01284,2024-01-22,Mass Market,Nairobi,Mobile App,26-35,,,0,0.0,0,Dormant,Bill Pay,,0
CUS00430,2024-02-17,Mass Market,Nairobi,Mobile App,18-25,2024-02-24,2024-03-26,13,29203.55,3,Churned,Mobile Transfer,,1
CUS00612,2024-09-15,Mass Affluent,Nairobi,USSD,Unknown,2024-09-17,2024-12-03,6,52732.49,1,Active,Digital Loan,,1
CUS00531,2024-06-24,Mass Affluent,Eldoret,Mobile App,18-25,2024-07-09,2024-10-10,22,281842.29,3,Dormant,Mobile Transfer,,1
CUS00174,2024-02-23,Mass Market,Mombasa,Agent,26-35,2024-02-28,2024-06-29,11,24963.08,3,Churned,Mobile Transfer,,1
CUS00290,2024-06-19,Mass Market,Nakuru,Branch,26-35,2024-07-04,2024-08-16,7,15553.51,2,Churned,Digital Loan,,1
CUS01466,2024-08-31,SME,Kisumu,USSD,26-35,2024-09-08,2024-10-01,20,520832.97,2,Churned,Bill Pay,,1
CUS01659,2024-04-20,Mass Affluent,Nairobi,USSD,26-35,2024-05-10,2024-07-28,23,134891.78,5,Churned,Digital Loan,,1
CUS00412,2024-05-09,SME,Kisumu,Agent,18-25,2024-05-19,2024-06-11,28,1464160.65,4,Churned,Digital Loan,,1
CUS01443,2024-04-26,Mass Affluent,Mombasa,Mobile App,18-25,2024-05-08,2024-11-23,37,122007.56,5,Dormant,Mobile Transfer,,1
CUS00536,2024-06-26,Mass Market,Nairobi,Mobile App,46-55,,,0,0.0,0,Dormant,Merchant Pay,,0
CUS01336,2024-08-14,Mass Market,Kisumu,Mobile App,46-55,2024-08-20,2024-12-18,2,2841.02,1,Active,Mobile Transfer,,1
CUS00813,2024-04-22,Mass Affluent,Nakuru,Branch,36-45,2024-05-01,2024-05-06,33,427453.85,4,Churned,Bill Pay,,1
CUS01933,2024-06-25,Mass Market,Nairobi,Mobile App,26-35,2024-07-10,2024-07-27,7,14555.59,2,Churned,Mobile Transfer,,1
CUS01190,2024-06-08,SME,Nakuru,Mobile App,46-55,2024-06-19,2024-09-15,62,3373602.82,3,Churned,Bill Pay,,1
CUS01001,2024-02-25,Mass Market,Kisumu,Mobile App,36-45,2024-03-11,2024-03-11,10,0.0,2,Churned,Mobile Transfer,Review Required,1
CUS00070,2024-05-07,Mass Market,Nairobi,Mobile App,18-25,,,0,0.0,0,Dormant,Merchant Pay,,0
CUS00652,2024-04-15,SME,Mombasa,Agent,18-25,2024-05-02,2024-12-11,44,2227657.3,4,Active,Merchant Pay,,1
CUS00562,2024-06-17,Mass Market,Mombasa,USSD,46-55,2024-07-07,2024-12-10,3,7997.5,1,Active,Bill Pay,,1
CUS01332,2024-07-02,Mass Market,Nairobi,USSD,26-35,2024-07-09,2024-09-06,4,8056.19,1,Churned,Bill Pay,,1
CUS00882,2024-08-22,Mass Market,Kisumu,Mobile App,26-35,2024-09-11,2024-10-30,4,6343.89,1,Dormant,Bill Pay,,1
CUS01387,2024-03-23,Mass Market,Nairobi,Branch,26-35,2024-04-08,2024-07-26,8,13014.66,3,Churned,Merchant Pay,,1
CUS00711,2024-05-14,Mass Market,Nairobi,Mobile App,18-25,,,0,0.0,0,Dormant,Bill Pay,,0
CUS00745,2024-05-28,SME,Nairobi,Mobile App,36-45,2024-05-30,2024-06-26,34,2094020.73,4,Churned,Mobile Transfer,,1
CUS01556,2024-09-16,Mass Affluent,Nairobi,Agent,26-35,,,0,0.0,0,Dormant,Bill Pay,,0
CUS01299,2024-07-18,Mass Market,Kisumu,Mobile App,26-35,2024-07-22,2024-12-05,3,7328.68,1,Active,Mobile Transfer,,1
CUS00125,2024-03-07,SME,Nairobi,Branch,36-45,2024-03-23,2024-07-14,56,1448746.2,5,Churned,Bill Pay,,1
CUS00248,2024-05-02,Mass Affluent,Nakuru,Mobile App,26-35,2024-05-08,2024-07-03,31,359546.66,5,Churned,Airtime,,1
CUS01262,2024-06-03,Mass Market,Nairobi,Mobile App,26-35,2024-06-10,2024-11-04,5,8697.02,1,Dormant,Mobile Transfer,,1
CUS00238,2024-07-01,Mass Market,Nairobi,Agent,36-45,,,0,0.0,0,Dormant,Mobile Transfer,,0
CUS01864,2024-07-14,Mass Market,Mombasa,Mobile App,36-45,2024-08-04,2024-12-08,7,5238.34,2,Active,Digital Loan,,1
CUS01772,2024-02-24,Mass Market,Nairobi,Branch,46-55,2024-03-08,2024-12-01,15,30905.67,3,Active,Mobile Transfer,,1
CUS00893,2024-03-06,Mass Market,Eldoret,Mobile App,18-25,2024-03-21,2024-11-10,9,8656.64,3,Dormant,Bill Pay,,1
CUS00463,2024-06-16,Corporate,Nakuru,USSD,36-45,,,0,0.0,0,Dormant,Bill Pay,,0
CUS00949,2024-09-15,Mass Affluent,Nakuru,Mobile App,55+,2024-09-22,2024-12-04,9,75304.29,1,Active,Airtime,,1
CUS01697,2024-02-18,Mass Market,Mombasa,USSD,18-25,,2024-12-24,5,4429.28,2,Dormant,Mobile Transfer,,0
CUS00589,2024-07-20,Mass Affluent,Nakuru,Agent,55+,2024-08-02,2024-08-26,21,171847.05,2,Churned,Digital Loan,,1
CUS00721,2024-09-11,Mass Market,Nairobi,USSD,26-35,,,0,0.0,0,Dormant,Airtime,,0
CUS01245,2024-02-15,Mass Market,Eldoret,Mobile App,26-35,2024-03-05,2024-05-01,10,18551.09,3,Churned,Bill Pay,,1
CUS01014,2024-08-09,Mass Market,Nairobi,Mobile App,18-25,2024-08-13,2024-09-14,4,9897.49,1,Churned,Bill Pay,,1
CUS01119,2024-05-10,Mass Affluent,Kisumu,USSD,36-45,,,0,0.0,0,Dormant,Airtime,,0
CUS01000,2024-03-27,Mass Market,Mombasa,Mobile App,36-45,2024-03-30,2024-11-07,7,4377.66,2,Dormant,Airtime,,1
CUS00793,2024-05-24,Mass Market,Mombasa,Branch,18-25,,,0,0.0,0,Dormant,Digital Loan,,0
CUS01742,2024-04-08,Mass Market,Nairobi,USSD,36-45,,,0,0.0,0,Dormant,Merchant Pay,,0
CUS01702,2024-11-26,Mass Affluent,Kisumu,Agent,55+,2024-11-28,2024-12-28,8,81175.08,1,Active,Bill Pay,,1
CUS01263,2024-03-05,Mass Market,Nairobi,USSD,18-25,2024-03-20,2024-08-18,10,23780.21,3,Churned,Bill Pay,,1
CUS01948,2024-08-19,Mass Market,Nairobi,USSD,46-55,,,0,0.0,0,Dormant,Bill Pay,,0
CUS01469,2024-01-08,Mass Affluent,,USSD,18-25,2024-01-20,2024-02-21,20,0.0,4,Churned,Mobile Transfer,Review Required,1
CUS01658,2024-10-16,Mass Affluent,Eldoret,Agent,36-45,,,0,0.0,0,Dormant,Bill Pay,,0
CUS01916,2024-06-13,Mass Affluent,Nakuru,Mobile App,18-25,2024-06-27,2024-12-04,25,159489.08,4,Active,Mobile Transfer,,1
CUS00539,2024-01-08,Mass Market,Nairobi,Agent,18-25,2024-01-09,2024-01-31,23,17955.98,4,Churned,Mobile Transfer,,1
CUS01547,2024-11-21,SME,Mombasa,Mobile App,36-45,2024-12-02,2024-12-03,19,942183.6,1,Active,Bill Pay,,1
CUS00544,2024-03-24,Mass Market,Mombasa,Mobile App,26-35,2024-04-12,2024-05-16,14,35272.43,3,Churned,Mobile Transfer,,1
CUS01376,2024-10-30,SME,Kisumu,Agent,46-55,2024-10-31,2024-11-19,17,685738.84,1,Dormant,Merchant Pay,,1
CUS00874,2024-05-07,Mass Market,Nairobi,Branch,26-35,2024-05-09,2024-10-28,5,3213.97,2,Dormant,Mobile Transfer,,1
CUS01944,2024-10-23,Mass Market,Nairobi,Mobile App,36-45,2024-10-31,2024-12-02,5,4925.37,1,Active,Digital Loan,,1
CUS01450,2024-10-17,Mass Market,Kisumu,USSD,36-45,2024-10-24,2024-10-31,5,3620.9,1,Dormant,Mobile Transfer,,1
CUS00487,2024-11-14,Mass Market,Nairobi,Branch,36-45,2024-11-23,2024-12-23,3,6797.61,1,,Merchant Pay,,1
CUS01126,2024-04-30,Mass Affluent,Eldoret,Mobile App,26-35,2024-05-03,2024-09-14,34,224954.19,4,Churned,Bill Pay,,1
CUS00129,2024-09-11,Corporate,Nakuru,Branch,18-25,,,0,0.0,0,Dormant,Merchant Pay,,0
CUS01897,2024-08-27,SME,Kisumu,Branch,26-35,2024-08-30,2024-10-29,23,880832.58,2,Dormant,Bill Pay,,1
CUS00901,2024-02-06,Mass Affluent,Nairobi,Branch,55+,2024-02-24,2024-05-02,35,353702.6,4,Churned,Digital Loan,,1
CUS01201,2024-10-08,Mass Affluent,Nairobi,Mobile App,36-45,2024-10-12,2024-12-16,4,29277.2,1,Active,Bill Pay,,1
CUS01250,2024-03-28,Mass Market,Kisumu,Agent,36-45,,,0,0.0,0,Dormant,Bill Pay,,0
CUS01684,2024-04-19,Mass Market,Nairobi,Agent,46-55,,,0,0.0,0,Dormant,Mobile Transfer,,0
CUS01707,2024-05-14,Mass Market,Nairobi,Mobile App,26-35,,,0,0.0,0,Dormant,Airtime,,0
CUS00024,2024-10-16,Mass Market,Mombasa,USSD,36-45,2024-10-30,2024-12-30,4,3422.04,1,Active,Mobile Transfer,,1
CUS00030,2024-02-01,Mass Market,Kisumu,Mobile App,46-55,2024-02-03,2024-12-15,4,7865.86,2,Active,Mobile Transfer,,1
CUS01491,2024-09-09,Mass Market,Nairobi,Mobile App,26-35,2024-09-25,2024-11-01,4,10383.95,1,Dormant,Bill Pay,,1
CUS00773,2024-07-23,Mass Market,Nairobi,Mobile App,26-35,2024-08-10,2024-08-31,3,7614.24,1,Churned,Mobile Transfer,,1
CUS01028,2024-07-29,Mass Market,Mombasa,Mobile App,36-45,2024-08-12,2024-12-10,8,6745.37,2,Active,Bill Pay,,1
CUS01449,2024-01-02,Mass Affluent,Nairobi,USSD,36-45,2024-01-23,2024-02-27,66,852488.25,7,Churned,Airtime,,1
CUS00808,2024-02-08,Mass Affluent,Mombasa,Mobile App,36-45,2024-02-09,2024-07-01,53,221570.24,4,Churned,Airtime,,1
CUS01718,2024-10-31,Mass Affluent,Eldoret,Branch,26-35,2024-11-11,2024-11-13,7,22427.34,1,Dormant,Mobile Transfer,,1
CUS01321,2024-08-26,Mass Market,Kisumu,Mobile App,36-45,2024-09-13,2024-10-11,2,1669.88,1,Dormant,Bill Pay,,1
CUS01646,2024-05-27,Mass Market,Nairobi,USSD,18-25,2024-06-03,2024-07-19,7,5118.03,2,Churned,Merchant Pay,,1
CUS00064,2024-06-09,Mass Market,Nairobi,Agent,18-25,,,0,0.0,0,Dormant,Bill Pay,,0
CUS00057,2024-10-15,Mass Market,Mombasa,Mobile App,18-25,2024-11-04,2024-11-16,3,2038.58,1,Dormant,Bill Pay,,1
CUS00520,2024-08-16,Mass Market,Nakuru,Branch,26-35,,,0,0.0,0,Dormant,Bill Pay,,0
CUS00362,2024-09-04,Mass Affluent,Kisumu,Mobile App,36-45,2024-09-17,2024-11-08,12,95931.47,1,Dormant,Merchant Pay,,1
CUS00938,2024-07-08,Mass Affluent,Mombasa,USSD,55+,2024-07-27,2024-08-17,14,83750.81,3,Churned,Merchant Pay,,1
CUS01721,2024-01-18,Mass Affluent,Nairobi,Mobile App,26-35,2024-01-21,2024-11-03,38,414656.08,4,Dormant,Mobile Transfer,,1
CUS01400,2024-10-11,Mass Market,Nairobi,Agent,36-45,2024-10-22,2024-12-08,5,12471.52,1,Active,Mobile Transfer,,1
CUS01925,2024-06-04,Mass Market,Kisumu,Branch,26-35,2024-06-10,2024-07-08,11,28722.83,3,Churned,Airtime,,1
CUS00189,2024-01-01,SME,Nairobi,Mobile App,36-45,2024-01-14,2024-11-30,75,4390292.01,6,Dormant,Digital Loan,,1
CUS00705,2024-04-17,Mass Market,Mombasa,Agent,26-35,2024-04-29,2024-10-13,13,31365.55,3,Dormant,Bill Pay,,1
CUS01520,2024-03-30,Mass Market,Mombasa,Agent,18-25,2024-04-01,2024-08-14,6,6038.85,3,Churned,Mobile Transfer,,1
CUS00252,2024-09-22,Mass Market,Nairobi,USSD,26-35,,,0,0.0,0,Dormant,Merchant Pay,,0
CUS00257,2024-05-23,Mass Affluent,Kisumu,Agent,46-55,2024-06-07,2024-07-26,32,163777.86,4,Churned,Airtime,,1
CUS01932,2024-09-28,Mass Market,Nairobi,Mobile App,26-35,2024-10-11,2024-10-12,3,4615.79,1,Dormant,Airtime,,1
CUS01319,2024-11-12,Mass Market,Nairobi,Agent,18-25,2024-11-22,2024-12-28,2,2466.61,1,Active,Mobile Transfer,,1
CUS01145,2024-01-03,Mass Market,Nakuru,USSD,26-35,2024-01-04,2024-12-07,15,38646.54,4,Active,Bill Pay,,1
CUS00100,2024-10-23,Mass Affluent,Nairobi,Mobile App,46-55,,2024-12-30,12,115856.3,1,Dormant,Merchant Pay,,0
CUS01048,2024-05-14,Mass Market,Nairobi,USSD,46-55,2024-05-18,2024-08-14,8,11279.59,2,Churned,Bill Pay,,1
CUS00545,2024-01-29,Mass Market,Mombasa,Agent,46-55,2024-01-31,2024-06-01,10,19689.96,4,Churned,Airtime,,1
CUS00343,2024-09-25,Mass Affluent,Kisumu,Mobile App,26-35,2024-10-04,2024-10-09,4,24851.37,1,Dormant,Airtime,,1
CUS01947,2024-04-05,SME,Kisumu,Agent,36-45,2024-04-13,2024-07-03,62,909393.62,6,Churned,Airtime,,1
CUS00994,2024-01-17,Mass Market,Nairobi,USSD,36-45,2024-02-04,2024-06-20,21,51377.67,4,Churned,Merchant Pay,,1
CUS00671,2024-11-29,SME,Nakuru,Mobile App,55+,,,0,0.0,0,Dormant,Mobile Transfer,,0
CUS01877,2024-06-04,Mass Market,Mombasa,USSD,36-45,2024-06-16,2024-10-07,11,22601.05,2,Dormant,Bill Pay,,1
CUS00825,2024-10-11,Mass Market,Mombasa,Agent,26-35,2024-10-28,2024-11-22,2,5085.52,1,Dormant,Bill Pay,,1
CUS01565,2024-07-18,Mass Market,Mombasa,USSD,55+,2024-07-21,2024-12-21,5,13368.96,2,Active,Mobile Transfer,,1
CUS00788,2024-03-06,Mass Market,Nairobi,Agent,46-55,2024-03-12,2024-07-04,11,17546.91,2,Churned,Airtime,,1
CUS01426,2024-11-23,Mass Market,Nairobi,Branch,36-45,2024-12-13,2024-12-31,5,5184.0,1,Active,Airtime,,1
CUS00299,2024-01-15,Mass Market,Kisumu,USSD,26-35,,,0,0.0,0,Dormant,Airtime,,0
CUS00515,2024-10-09,SME,Mombasa,Mobile App,26-35,2024-10-15,2024-10-23,14,486803.63,1,Dormant,Bill Pay,,1
CUS01576,2024-01-14,Mass Market,Kisumu,Branch,36-45,2024-01-31,2024-02-04,15,9218.47,4,Churned,Airtime,,1
CUS01554,2024-04-21,Mass Market,Nairobi,Mobile App,36-45,,,0,0.0,0,Dormant,Airtime,,0
CUS01830,2024-02-24,Mass Market,Nairobi,Mobile App,55+,,,0,0.0,0,Dormant,Mobile Transfer,,0
CUS00423,2024-09-20,SME,Nairobi,Mobile App,18-25,2024-10-06,2024-11-05,10,192202.37,1,Dormant,Bill Pay,,1
CUS00308,2024-03-20,SME,Eldoret,Mobile App,36-45,,,0,0.0,0,Dormant,Bill Pay,,0
CUS00197,2024-02-06,SME,Mombasa,USSD,46-55,2024-02-24,2024-06-19,79,1801508.75,5,Churned,Digital Loan,,1
CUS01034,2024-01-18,Mass Market,Mombasa,USSD,18-25,2024-02-06,2024-12-10,7,13441.15,3,Active,Bill Pay,,1
CUS01282,2024-10-16,Mass Affluent,Kisumu,Mobile App,36-45,2024-10-31,2024-10-31,12,128399.66,1,Dormant,Digital Loan,,1
CUS00472,2024-11-20,Mass Market,Nakuru,Mobile App,18-25,2024-12-05,2024-12-24,4,3679.25,1,Active,Mobile Transfer,,1
CUS01872,2024-06-29,SME,Nairobi,USSD,26-35,2024-07-11,2024-09-14,30,1337643.31,2,Churned,Mobile Transfer,,1
CUS00945,2024-07-21,Mass Market,Nairobi,USSD,26-35,,,0,0.0,0,Dormant,Mobile Transfer,,0
CUS01023,2024-06-14,SME,Nairobi,USSD,26-35,,,0,0.0,0,Dormant,Airtime,,0
CUS01859,2024-07-01,Mass Market,Mombasa,Mobile App,55+,,,0,0.0,0,Dormant,Airtime,,0
CUS00271,2024-04-10,Mass Market,Eldoret,Branch,26-35,,,0,0.0,0,Dormant,Mobile Transfer,,0
CUS00765,2024-08-11,SME,Kisumu,USSD,46-55,2024-08-18,2024-12-18,34,1157036.32,2,Active,Airtime,,1
CUS01542,2024-03-04,Mass Market,Nairobi,Mobile App,26-35,2024-03-18,2024-07-26,11,8390.74,3,Churned,Merchant Pay,,1
CUS00496,2024-04-02,Corporate,Nairobi,Mobile App,26-35,2024-04-08,2024-06-07,193,44726823.49,6,Churned,Airtime,,1
CUS01288,2024-07-15,Mass Market,Mombasa,Mobile App,18-25,2024-07-25,2024-07-31,4,10388.45,1,Churned,Mobile Transfer,,1
CUS00439,2024-06-18,Mass Market,Nairobi,Agent,18-25,,,0,0.0,0,Dormant,Mobile Transfer,,0
CUS00988,2024-06-17,Mass Market,Mombasa,Agent,18-25,,,0,0.0,0,Dormant,Bill Pay,,0
CUS00071,2024-04-02,SME,Mombasa,Mobile App,46-55,2024-04-09,2024-05-18,55,3014493.51,6,Churned,Bill Pay,,1
CUS00276,2024-11-08,Mass Market,Eldoret,Mobile App,26-35,2024-11-10,2024-12-01,5,10636.08,1,Active,Mobile Transfer,,1
CUS00101,2024-08-21,Mass Market,Nairobi,Mobile App,26-35,2024-08-25,2024-09-28,3,5033.88,1,Churned,Mobile Transfer,,1
CUS01053,2024-10-31,Mass Market,Kisumu,Agent,36-45,,,0,0.0,0,Dormant,Bill Pay,,0
CUS01665,2024-01-01,Mass Affluent,Nairobi,Mobile App,36-45,2024-01-06,2024-04-12,50,302422.24,8,Churned,Mobile Transfer,,1
CUS01950,2024-03-19,Mass Market,Nairobi,Mobile App,26-35,2024-04-06,2024-09-18,8,21020.03,3,Churned,Mobile Transfer,,1
CUS01537,2024-02-23,Mass Market,Nakuru,Mobile App,26-35,2024-03-05,2024-09-25,14,28112.35,3,Churned,Digital Loan,,1
CUS01951,2024-04-16,Mass Market,Mombasa,Mobile App,18-25,2024-04-24,2024-06-25,10,10014.59,3,Churned,Mobile Transfer,,1
CUS00221,2024-03-23,Mass Market,Mombasa,Agent,36-45,2024-04-04,2024-08-10,13,24937.42,3,Churned,Mobile Transfer,,1
CUS00766,2024-09-18,Mass Market,Mombasa,Mobile App,36-45,,,0,0.0,0,Dormant,Digital Loan,,0
CUS01421,2024-01-25,Mass Affluent,Kisumu,Mobile App,46-55,2024-01-30,2024-05-22,37,392845.18,5,Churned,Bill Pay,,1
CUS00367,2024-04-07,Mass Market,Nairobi,Mobile App,36-45,2024-04-20,2024-08-30,8,4813.57,2,Churned,Airtime,,1
CUS01302,2024-10-08,Mass Affluent,Kisumu,Branch,18-25,2024-10-25,2024-11-15,11,133951.07,1,Dormant,Bill Pay,,1
CUS00234,2024-05-13,Mass Market,Eldoret,Branch,26-35,2024-05-23,2024-08-17,2,4185.27,1,Churned,Bill Pay,,1
CUS01134,2024-05-08,Mass Market,Nairobi,Agent,26-35,,,0,0.0,0,Dormant,Bill Pay,,0
CUS01269,2024-11-21,Mass Market,Mombasa,Mobile App,46-55,2024-11-25,2024-12-15,5,6405.48,1,Active,Bill Pay,,1
CUS01058,2024-02-24,Mass Market,Nairobi,Branch,36-45,2024-03-01,2024-12-16,14,28520.34,3,Active,Mobile Transfer,,1
CUS01325,2024-08-22,Mass Market,Kisumu,Mobile App,36-45,2024-09-01,2024-09-30,3,1817.85,1,Churned,Merchant Pay,,1
CUS00232,2024-11-25,Mass Market,Mombasa,Mobile App,18-25,,,0,0.0,0,Dormant,Mobile Transfer,,0
CUS00369,2024-01-22,Mass Market,Nairobi,Branch,55+,2024-02-06,2024-05-19,13,31247.72,3,Churned,Mobile Transfer,,1
CUS01810,2024-11-17,Mass Market,Kisumu,Mobile App,26-35,2024-12-01,2024-12-13,4,5314.72,1,Active,Bill Pay,,1
CUS00995,2024-06-08,Mass Affluent,Mombasa,Mobile App,18-25,,,0,0.0,0,Dormant,Bill Pay,,0
CUS00556,2024-03-21,Mass Market,Nairobi,Mobile App,55+,2024-04-08,2024-07-23,11,22093.25,3,Churned,Airtime,,1
CUS01821,2024-01-11,Mass Market,Mombasa,Mobile App,36-45,2024-01-25,2024-09-13,22,41821.5,4,Churned,Digital Loan,,1
CUS01954,2024-03-26,Mass Market,Kisumu,USSD,46-55,2024-03-31,2024-08-29,10,13696.98,2,Churned,Merchant Pay,,1
CUS00889,2024-10-18,Mass Market,Kisumu,USSD,55+,2024-10-21,2024-12-06,4,9484.21,1,Active,Airtime,,1
CUS01814,2024-07-23,Mass Market,Eldoret,Mobile App,26-35,2024-08-07,2024-10-19,2,5015.19,1,Dormant,Mobile Transfer,,1
CUS00066,2024-10-26,Mass Market,Nakuru,USSD,18-25,2024-11-06,2024-11-25,5,10107.34,1,Dormant,Mobile Transfer,,1
CUS00586,2024-07-23,Mass Affluent,Nairobi,Mobile App,36-45,2024-07-26,2024-11-29,11,49104.68,2,Dormant,Mobile Transfer,,1
CUS01188,2024-04-04,Mass Market,Nairobi,USSD,55+,2024-04-18,2024-06-12,11,8711.88,2,Churned,Mobile Transfer,,1
CUS01603,2024-01-22,Mass Market,Nairobi,Agent,36-45,,,0,0.0,0,Dormant,Mobile Transfer,,0
CUS01739,2024-11-25,Mass Market,Nairobi,Mobile App,18-25,2024-12-12,2024-12-24,3,6617.24,1,Active,Digital Loan,,1
CUS00807,2024-03-23,SME,Nairobi,Mobile App,46-55,2024-03-31,2024-07-07,82,4871364.67,5,Churned,Bill Pay,,1
CUS01927,2024-01-30,Mass Market,Eldoret,Mobile App,26-35,2024-02-04,2024-04-11,14,21440.81,4,Churned,Airtime,,1
CUS00716,2024-09-17,Mass Market,Nairobi,Mobile App,18-25,2024-09-22,2024-09-25,2,3850.5,1,Churned,Mobile Transfer,,1
CUS00747,2024-07-09,Mass Market,Mombasa,Mobile App,18-25,2024-07-12,2024-07-22,5,11794.04,2,Churned,Mobile Transfer,,1
CUS00355,2024-03-02,Mass Affluent,Nakuru,Mobile App,36-45,2024-03-05,2024-08-16,46,462921.65,5,Churned,Mobile Transfer,,1
CUS01231,2024-02-28,SME,Nairobi,Branch,46-55,2024-03-15,2024-11-14,88,1270630.75,6,Dormant,Mobile Transfer,,1
CUS01600,2024-03-11,Mass Market,Eldoret,USSD,36-45,,,0,0.0,0,Dormant,Merchant Pay,,0
CUS00307,2024-06-28,Mass Market,Nairobi,Mobile App,26-35,2024-07-13,2024-12-27,4,5061.89,2,Active,Mobile Transfer,,1
CUS00484,2024-10-10,Mass Market,Kisumu,USSD,26-35,,,0,0.0,0,Dormant,Merchant Pay,,0
CUS00395,2024-03-11,Mass Market,Mombasa,Mobile App,26-35,2024-03-12,2024-08-24,10,17863.55,3,Churned,Mobile Transfer,,1
CUS01694,2024-11-17,Mass Market,Eldoret,Branch,36-45,,,0,0.0,0,Dormant,Bill Pay,,0
CUS00603,2024-03-17,Mass Market,Nairobi,Agent,18-25,2024-03-21,2024-05-20,14,11155.77,3,Churned,Airtime,,1
CUS00655,2024-08-23,Mass Affluent,Nakuru,Branch,36-45,2024-08-30,2024-12-04,26,317662.26,2,Active,Merchant Pay,,1
CUS01512,2024-09-22,Mass Affluent,Nairobi,USSD,36-45,2024-10-12,2024-12-27,10,33143.85,1,Active,Merchant Pay,,1
CUS00306,2024-08-30,Mass Market,Mombasa,Mobile App,26-35,2024-09-02,2024-11-17,3,4914.47,1,Dormant,Bill Pay,,1
CUS01494,2024-01-01,Corporate,Nakuru,Agent,36-45,2024-01-02,2024-08-21,265,72645402.24,9,Churned,Airtime,,1
CUS01732,2024-08-12,Mass Market,Nairobi,Mobile App,18-25,2024-08-28,2024-09-19,5,12537.97,1,Churned,Airtime,,1
CUS00116,2024-08-24,SME,Mombasa,Mobile App,26-35,2024-08-30,2024-09-01,13,503541.46,1,Churned,Merchant Pay,,1
CUS01044,2024-05-19,SME,Mombasa,Branch,26-35,,,0,0.0,0,Dormant,Merchant Pay,,0
CUS01677,2024-10-30,SME,Nairobi,Mobile App,26-35,2024-11-02,2024-12-26,11,563738.5,1,Active,Mobile Transfer,,1
CUS01564,2024-04-08,Mass Market,Nakuru,Mobile App,18-25,,,0,0.0,0,Dormant,Mobile Transfer,,0
CUS01331,2024-03-06,SME,Kisumu,Mobile App,18-25,2024-03-18,2024-09-29,59,3628726.05,4,Churned,Mobile Transfer,,1
CUS01006,2024-06-28,Mass Market,Nairobi,Mobile App,36-45,2024-07-17,2024-10-27,9,15790.96,2,Dormant,Airtime,,1
CUS00781,2024-11-10,Mass Affluent,Mombasa,Agent,36-45,2024-11-15,2024-12-19,7,69590.58,1,Active,Merchant Pay,,1
CUS00483,2024-06-22,Mass Market,Kisumu,Agent,36-45,,,0,0.0,0,Dormant,Mobile Transfer,,0
CUS01286,2024-09-22,Mass Market,Kisumu,Branch,18-25,,,0,0.0,0,Dormant,Mobile Transfer,,0
CUS01675,2024-04-04,Mass Market,Mombasa,USSD,46-55,,,0,0.0,0,Dormant,Mobile Transfer,,0
CUS00533,2024-11-21,Mass Market,Nakuru,Branch,26-35,2024-11-24,2024-12-02,5,8000.54,1,Active,Mobile Transfer,,1
CUS00186,2024-11-03,Mass Market,Nairobi,Agent,46-55,2024-11-10,2024-12-03,2,3560.36,1,Active,Bill Pay,,1
CUS00707,2024-10-24,Mass Market,Kisumu,Agent,26-35,2024-11-12,2024-11-17,2,1750.16,1,Dormant,Airtime,,1
CUS00651,2024-04-30,Mass Market,Kisumu,Mobile App,46-55,2024-05-04,2024-09-01,4,4066.06,2,Churned,Digital Loan,,1
CUS01300,2024-11-02,Mass Affluent,Kisumu,USSD,55+,,,0,0.0,0,Dormant,Merchant Pay,,0
CUS01108,2024-08-23,Mass Market,Nairobi,Agent,36-45,2024-08-31,2024-11-20,2,2075.45,1,Dormant,Bill Pay,,1
CUS01211,2024-05-25,Mass Affluent,Nairobi,USSD,46-55,2024-06-05,2024-06-30,24,221471.62,3,Churned,Mobile Transfer,,1
CUS00301,2024-10-29,SME,Mombasa,USSD,36-45,2024-11-17,2024-12-21,8,185765.36,1,Active,Merchant Pay,,1
CUS00746,2024-05-09,Mass Market,Mombasa,Mobile App,26-35,,,0,0.0,0,Dormant,Mobile Transfer,,0
CUS01958,2024-10-07,Mass Market,Nakuru,Mobile App,36-45,,,0,0.0,0,Dormant,Mobile Transfer,,0
CUS00979,2024-01-27,Mass Market,Nakuru,Mobile App,36-45,2024-02-10,2024-12-12,16,29595.08,4,Active,Airtime,,1
CUS01515,2024-09-16,Corporate,Nairobi,Mobile App,26-35,2024-09-22,2024-10-11,25,6484917.38,2,Dormant,Mobile Transfer,,1
CUS00614,2024-09-25,Mass Market,Mombasa,Mobile App,26-35,,,0,0.0,0,Dormant,Bill Pay,,0
CUS00713,2024-03-08,Mass Market,Kisumu,Mobile App,26-35,2024-03-21,2024-06-22,16,36319.13,4,Churned,Bill Pay,,1
CUS01274,2024-11-23,Mass Affluent,Kisumu,Mobile App,46-55,2024-11-27,2024-12-12,12,52529.8,1,Active,Bill Pay,,1
CUS00121,2024-09-09,Mass Market,Nairobi,Branch,36-45,2024-09-26,2024-10-14,2,3679.04,1,Dormant,Bill Pay,,1
CUS01101,2024-08-03,Corporate,Mombasa,Branch,36-45,2024-08-05,2024-11-08,79,20158511.54,4,Dormant,Digital Loan,,1
CUS01358,2024-09-08,Mass Market,Nairobi,Agent,26-35,2024-09-19,2024-12-01,5,7611.82,1,Active,Bill Pay,,1
CUS00079,2024-08-17,Mass Market,Nairobi,Mobile App,36-45,2024-08-22,2024-10-30,3,2780.82,1,Dormant,Merchant Pay,,1
CUS01610,2024-09-30,SME,Mombasa,Mobile App,46-55,2024-10-20,2024-11-05,20,849136.18,1,Dormant,Airtime,,1
CUS01037,2024-02-01,Mass Affluent,Nakuru,Mobile App,18-25,2024-02-02,2024-11-25,62,638993.72,5,Dormant,Airtime,,1
CUS01448,2024-01-28,Mass Market,Eldoret,Agent,26-35,,,0,0.0,0,Dormant,Merchant Pay,,0
CUS01484,2024-06-28,Mass Market,Nairobi,Branch,26-35,2024-07-08,2024-10-12,10,19813.68,2,Dormant,Bill Pay,,1
CUS01945,2024-03-14,Mass Affluent,Nairobi,Mobile App,26-35,2024-03-17,2024-05-01,48,341094.44,4,Churned,Merchant Pay,,1
CUS01551,2024-05-15,Mass Market,Nairobi,Mobile App,36-45,2024-05-26,2024-10-10,8,5677.48,2,Dormant,Airtime,,1
CUS00621,2024-02-13,Mass Affluent,Eldoret,Agent,18-25,2024-02-24,2024-05-16,54,516681.18,5,Churned,Bill Pay,,1
CUS00986,2024-02-10,Mass Affluent,Nairobi,Branch,36-45,2024-02-16,2024-04-09,32,339180.95,6,Churned,Bill Pay,,1
CUS01735,2024-04-28,SME,Kisumu,USSD,26-35,2024-05-02,2024-09-13,28,1620789.65,4,Churned,Bill Pay,,1
CUS00176,2024-11-20,Mass Market,Nairobi,Mobile App,26-35,2024-12-06,2024-12-10,2,3101.31,1,Active,Bill Pay,,1
CUS01857,2024-03-03,Mass Market,,Mobile App,36-45,,,0,0.0,0,Dormant,Airtime,,0
CUS01179,2024-05-10,SME,Nairobi,Agent,36-45,2024-05-27,2024-10-17,22,441910.8,3,Dormant,Digital Loan,,1
CUS00136,2024-03-11,Mass Affluent,Kisumu,Mobile App,46-55,2024-03-21,2024-12-30,35,265148.31,5,Active,Bill Pay,,1
CUS00694,2024-02-13,Mass Affluent,Kisumu,USSD,46-55,2024-02-19,2024-11-22,74,352076.16,6,Dormant,Airtime,,1
CUS01801,2024-10-25,Mass Market,Nairobi,Mobile App,18-25,2024-11-01,2024-12-24,3,3727.25,1,Active,Airtime,,1
CUS01620,2024-11-20,Mass Market,Nakuru,Mobile App,18-25,2024-11-23,2024-12-04,2,1755.12,1,Active,Bill Pay,,1
CUS00124,2024-05-27,Mass Affluent,Mombasa,Mobile App,18-25,2024-06-17,2024-11-04,28,204632.79,3,Dormant,Digital Loan,,1
CUS00368,2024-05-21,Mass Market,Kisumu,Mobile App,36-45,2024-05-27,2024-07-31,8,20204.34,2,Churned,Digital Loan,,1
CUS01229,2024-03-21,Mass Market,Kisumu,USSD,26-35,2024-04-05,2024-09-21,8,15906.48,2,Churned,Mobile Transfer,,1
CUS01568,2024-05-02,SME,Eldoret,USSD,36-45,2024-05-18,2024-12-13,80,2295387.97,5,Active,Bill Pay,,1
CUS00040,2024-08-02,Mass Market,Nairobi,USSD,26-35,2024-08-03,2024-08-13,3,2790.87,1,Churned,Mobile Transfer,,1
CUS01005,2024-02-11,Mass Market,Mombasa,Mobile App,26-35,2024-02-13,2024-02-23,9,21430.0,4,Churned,Bill Pay,,1
CUS00580,2024-09-15,SME,Nairobi,Branch,36-45,,,0,0.0,0,Dormant,Airtime,,0
CUS00332,2024-03-08,Mass Market,Nairobi,Agent,18-25,2024-03-10,2024-09-10,8,19643.96,3,Churned,Bill Pay,,1
CUS00375,2024-02-02,Mass Market,Nakuru,Agent,36-45,,,0,0.0,0,Dormant,Digital Loan,,0
CUS00916,2024-06-10,Mass Market,Nairobi,Agent,36-45,2024-06-25,2024-09-02,11,11692.51,2,Churned,Mobile Transfer,,1
CUS00195,2024-11-10,Mass Market,Nairobi,Mobile App,36-45,2024-11-20,2024-11-22,5,10707.56,1,Dormant,Airtime,,1
CUS00317,2024-03-12,Mass Market,Eldoret,Agent,26-35,,,0,0.0,0,Dormant,Merchant Pay,,0
CUS01186,2024-07-28,Mass Affluent,Nairobi,Mobile App,36-45,2024-08-06,2024-12-01,16,214902.66,3,Active,Bill Pay,,1
CUS00255,2024-01-15,Mass Market,Eldoret,Agent,26-35,,,0,0.0,0,Dormant,Bill Pay,,0
CUS00465,2024-05-22,SME,Nakuru,Mobile App,36-45,2024-05-31,2024-12-05,65,4045697.34,4,Active,Bill Pay,,1
CUS00528,2024-06-06,Mass Affluent,Nairobi,Mobile App,26-35,2024-06-15,2024-09-03,30,285966.54,3,Churned,Airtime,,1
CUS01690,2024-02-11,Mass Market,Nairobi,Mobile App,46-55,2024-03-01,2024-08-10,10,18011.25,2,Churned,Bill Pay,,1
CUS00033,2024-07-22,Mass Market,Nairobi,Agent,26-35,,,0,0.0,0,Dormant,Bill Pay,,0
CUS00907,2024-05-13,SME,Eldoret,Mobile App,36-45,2024-06-01,2024-08-08,103,5116676.49,5,Churned,Airtime,,1
CUS01724,2024-06-16,Mass Market,Kisumu,Mobile App,46-55,2024-06-20,2024-11-21,6,9060.72,2,Dormant,Mobile Transfer,,1
CUS00600,2024-07-18,Mass Market,Mombasa,USSD,26-35,2024-07-31,2024-09-25,4,7848.35,2,Churned,Mobile Transfer,,1
CUS00323,2024-04-18,Mass Market,Nairobi,Agent,26-35,2024-04-26,2024-12-23,7,17711.21,2,Active,Airtime,,1
CUS00110,2024-10-22,Mass Market,Nairobi,USSD,36-45,2024-11-12,2024-12-15,3,7090.25,1,Active,Airtime,,1
CUS01434,2024-11-11,Mass Affluent,Eldoret,Mobile App,26-35,,2024-11-29,12,68374.76,1,Dormant,Mobile Transfer,,0
CUS01337,2024-09-15,Mass Market,Kisumu,USSD,26-35,2024-09-26,2024-12-10,2,2119.96,1,Active,Mobile Transfer,,1
CUS00267,2024-04-22,SME,,USSD,18-25,2024-05-02,2024-09-29,81,4452904.53,5,Churned,Digital Loan,,1
CUS00783,2024-11-25,Mass Affluent,Nairobi,USSD,26-35,,,0,0.0,0,Dormant,Merchant Pay,,0
CUS00383,2024-05-21,Mass Market,Nairobi,Agent,36-45,,,0,0.0,0,Dormant,Bill Pay,,0
CUS01035,2024-08-25,Mass Market,Nairobi,Agent,18-25,,,0,0.0,0,Dormant,Airtime,,0
CUS00937,2024-08-05,Mass Affluent,Kisumu,Agent,36-45,2024-08-26,2024-09-20,7,42193.52,1,Churned,Airtime,,1
CUS01687,2024-03-25,Mass Market,Nairobi,USSD,55+,,,0,0.0,0,Dormant,Mobile Transfer,,0
CUS01342,2024-03-07,Mass Market,Nairobi,Agent,55+,2024-03-21,2024-06-12,17,34944.75,3,Churned,Bill Pay,,1
CUS00068,2024-07-04,SME,Mombasa,Mobile App,55+,2024-07-16,2024-08-21,28,719163.64,3,Churned,Digital Loan,,1
CUS01235,2024-07-05,SME,Kisumu,Mobile App,26-35,2024-07-20,2024-11-10,56,2316946.73,3,Dormant,Mobile Transfer,,1
CUS00240,2024-09-29,Mass Market,Nairobi,Agent,26-35,,,0,0.0,0,Dormant,Mobile Transfer,,0
CUS01241,2024-10-09,Mass Market,Mombasa,Mobile App,36-45,2024-10-19,2024-11-09,4,0.0,1,Dormant,Airtime,Review Required,1
CUS01226,2024-04-14,Mass Affluent,Nakuru,USSD,26-35,2024-04-30,2024-06-28,22,276540.19,5,Churned,Merchant Pay,,1
CUS00680,2024-05-17,Mass Market,Nakuru,Mobile App,36-45,2024-05-30,2024-07-18,9,7850.11,2,Churned,Airtime,,1
CUS01822,2024-11-14,SME,Nairobi,Mobile App,18-25,2024-11-27,2024-12-22,7,125873.31,1,Active,Digital Loan,,1
CUS01831,2024-01-20,SME,Nakuru,Branch,26-35,,,0,0.0,0,Dormant,Digital Loan,,0
CUS00486,2024-05-17,Mass Affluent,Nairobi,Mobile App,55+,,,0,0.0,0,Dormant,Merchant Pay,,0
CUS00164,2024-03-05,Mass Market,Nairobi,Branch,55+,2024-03-24,2024-11-12,13,32339.09,4,Dormant,Mobile Transfer,,1
CUS00980,2024-01-31,Mass Affluent,Mombasa,Mobile App,55+,,,0,0.0,0,Dormant,Mobile Transfer,,0
CUS00213,2024-09-04,Mass Market,Mombasa,Agent,26-35,2024-09-10,2024-12-26,2,5313.1,1,Active,Mobile Transfer,,1
CUS00204,2024-06-26,SME,Nakuru,Agent,26-35,2024-07-10,2024-12-17,35,1352773.21,3,Active,Mobile Transfer,,1
CUS00481,2024-08-20,Corporate,Nairobi,Branch,26-35,2024-08-30,2024-09-05,44,6627144.29,3,Churned,Mobile Transfer,,1
CUS01182,2024-11-29,Mass Market,Eldoret,Branch,26-35,2024-12-14,2024-12-28,4,7334.56,1,Active,Mobile Transfer,,1
CUS01420,2024-11-11,SME,Nairobi,Mobile App,36-45,2024-11-14,2024-12-18,19,999515.34,1,Active,Merchant Pay,,1
CUS00814,2024-08-19,Mass Market,Eldoret,Mobile App,26-35,,,0,0.0,0,Dormant,Merchant Pay,,0
CUS00706,2024-02-08,SME,Eldoret,Mobile App,26-35,,,0,0.0,0,Dormant,Airtime,,0
CUS00863,2024-01-17,Mass Market,Kisumu,Branch,36-45,,,0,0.0,0,Dormant,Airtime,,0
CUS00830,2024-05-12,Mass Affluent,Nairobi,Agent,26-35,,,0,0.0,0,Dormant,Merchant Pay,,0
CUS00584,2024-02-15,Mass Market,Nairobi,Branch,26-35,,,0,0.0,0,Dormant,Mobile Transfer,,0
CUS00926,2024-11-28,Mass Affluent,Nairobi,Branch,46-55,2024-12-18,2024-12-20,12,0.0,1,Active,Bill Pay,Review Required,1
CUS00778,2024-01-26,Mass Market,Nairobi,USSD,36-45,2024-02-05,2024-08-12,13,15386.67,3,Churned,Bill Pay,,1
CUS01575,2024-01-04,Mass Affluent,Eldoret,Mobile App,18-25,2024-01-09,2024-10-31,45,438029.34,5,Dormant,Digital Loan,,1
CUS00417,2024-07-22,Mass Market,Kisumu,Agent,18-25,,,0,0.0,0,Dormant,Mobile Transfer,,0
CUS00428,2024-07-01,SME,Nairobi,Mobile App,18-25,2024-07-09,2024-07-16,18,993827.15,2,Churned,Bill Pay,,1
CUS00573,2024-07-14,Mass Affluent,Kisumu,USSD,36-45,,,0,0.0,0,Dormant,Bill Pay,,0
CUS01117,2024-05-17,Mass Market,Eldoret,Agent,36-45,2024-05-18,2024-10-12,6,12792.34,2,Dormant,Mobile Transfer,,1
CUS00352,2024-03-13,Mass Market,Nairobi,Mobile App,36-45,2024-03-31,2024-09-08,9,15775.12,2,Churned,Airtime,,1
CUS01795,2024-10-27,Mass Market,Nairobi,USSD,36-45,2024-11-04,2024-11-27,3,2464.23,1,Dormant,Airtime,,1
CUS01794,2024-10-20,Mass Affluent,Nairobi,Agent,36-45,2024-10-27,2024-11-22,12,61155.96,1,Dormant,Mobile Transfer,,1
CUS01424,2024-05-09,Mass Affluent,Nairobi,Agent,26-35,,,0,0.0,0,Dormant,Bill Pay,,0
CUS01978,2024-09-04,Mass Market,Mombasa,Mobile App,36-45,,,0,0.0,0,Dormant,Mobile Transfer,,0
CUS00480,2024-03-03,Mass Market,Nairobi,USSD,36-45,,,0,0.0,0,Dormant,Digital Loan,,0
CUS01158,2024-04-09,Corporate,Nakuru,Mobile App,26-35,2024-04-21,2024-12-08,77,12027529.44,5,Active,Digital Loan,,1
CUS00451,2024-01-21,Mass Market,Kisumu,Mobile App,26-35,2024-02-04,2024-02-12,8,13016.09,4,Churned,Merchant Pay,,1
CUS01147,2024-04-28,Mass Market,Mombasa,Branch,36-45,2024-05-03,2024-07-04,5,12055.21,2,Churned,Digital Loan,,1
CUS00345,2024-01-10,Mass Market,Nakuru,Agent,26-35,2024-01-12,2024-12-30,16,28040.02,4,Active,Airtime,,1
CUS00862,2024-03-06,Corporate,Nakuru,Agent,26-35,2024-03-20,2024-08-23,160,32678888.85,5,Churned,Airtime,,1
CUS01343,2024-02-12,Corporate,Kisumu,Agent,36-45,,,0,0.0,0,Dormant,Merchant Pay,,0
CUS01865,2024-07-23,Mass Market,Kisumu,Agent,26-35,2024-08-01,2024-11-18,3,4822.15,1,Dormant,Mobile Transfer,,1
CUS00282,2024-02-13,Corporate,Mombasa,Agent,36-45,,,0,0.0,0,Dormant,Digital Loan,,0
CUS01394,2024-02-28,SME,Kisumu,Mobile App,36-45,2024-03-12,2024-07-12,71,4347134.28,6,Churned,Bill Pay,,1
CUS00809,2024-04-16,Mass Affluent,Mombasa,Mobile App,36-45,2024-05-05,2024-11-02,36,256330.99,4,Dormant,Bill Pay,,1
CUS01382,2024-07-09,Mass Market,Nairobi,Mobile App,26-35,2024-07-13,2024-08-01,2,1562.27,1,Churned,Bill Pay,,1
CUS00219,2024-05-15,Mass Affluent,Nairobi,Mobile App,36-45,2024-05-31,2024-10-22,32,453709.67,3,Dormant,Airtime,,1
CUS01602,2024-11-20,Mass Affluent,Kisumu,Mobile App,36-45,2024-12-09,2024-12-29,9,94422.06,1,Active,Bill Pay,,1
CUS01589,2024-01-17,Mass Affluent,Nairobi,USSD,18-25,2024-01-30,2024-11-05,52,546872.15,4,Dormant,Merchant Pay,,1
CUS01943,2024-02-21,Mass Market,Nairobi,Mobile App,18-25,,,0,0.0,0,Dormant,Bill Pay,,0
CUS01669,2024-01-28,Mass Affluent,Mombasa,Agent,36-45,2024-02-08,2024-11-09,34,238812.08,5,Dormant,Digital Loan,,1
CUS01030,2024-11-16,Corporate,Nairobi,USSD,36-45,,,0,0.0,0,Dormant,Mobile Transfer,,0
CUS00942,2024-06-22,SME,Nakuru,Mobile App,26-35,2024-06-30,2024-10-13,22,1123956.43,3,Dormant,Mobile Transfer,,1
CUS00734,2024-07-11,Mass Affluent,Kisumu,Mobile App,18-25,,,0,0.0,0,Dormant,Mobile Transfer,,0
CUS01475,2024-11-22,Corporate,Nairobi,Mobile App,18-25,2024-11-27,2024-12-14,19,2740558.53,1,Active,Mobile Transfer,,1
CUS00693,2024-06-08,Mass Market,Mombasa,Mobile App,36-45,2024-06-18,2024-07-02,4,5225.83,1,Churned,Mobile Transfer,,1
CUS01768,2024-05-20,Mass Affluent,Mombasa,Mobile App,36-45,2024-06-05,2024-07-31,26,267788.78,4,Churned,Bill Pay,,1
CUS01625,2024-09-01,SME,Nairobi,Mobile App,26-35,2024-09-05,2024-10-07,28,1672444.37,2,Dormant,Digital Loan,,1
CUS00262,2024-06-25,Mass Market,Nairobi,Branch,36-45,2024-07-04,2024-10-03,3,6444.67,1,Dormant,Mobile Transfer,,1
CUS00608,2024-01-23,Mass Market,Nairobi,Mobile App,18-25,2024-02-03,2024-09-25,6,6942.82,3,Churned,Mobile Transfer,,1
CUS01967,2024-02-29,Mass Market,Nairobi,USSD,36-45,2024-03-18,2024-05-05,14,21243.74,4,Churned,Mobile Transfer,,1
CUS01363,2024-06-28,SME,Kisumu,Mobile App,36-45,2024-07-05,2024-11-11,57,3564645.62,3,Dormant,Airtime,,1
CUS00530,2024-04-27,Mass Market,Nairobi,Mobile App,18-25,2024-04-29,2024-05-06,14,20777.95,3,Churned,Airtime,,1
CUS00241,2024-10-04,SME,Nairobi,Mobile App,55+,2024-10-06,2024-12-17,11,508897.07,1,Active,Mobile Transfer,,1
CUS01161,2024-09-19,Mass Market,Kisumu,Mobile App,26-35,2024-10-08,2024-10-14,4,5936.95,1,Dormant,Mobile Transfer,,1
CUS00953,2024-04-12,Corporate,Eldoret,Branch,46-55,2024-05-03,2024-11-28,72,8679116.51,5,Dormant,Digital Loan,,1
CUS00820,2024-04-08,SME,Nairobi,Mobile App,46-55,2024-04-23,2024-08-09,28,471704.29,4,Churned,Mobile Transfer,,1
CUS01963,2024-04-19,SME,Eldoret,Agent,26-35,2024-05-09,2024-09-30,50,1608440.15,3,Churned,Mobile Transfer,,1
CUS01419,2024-03-31,Mass Market,Mombasa,Mobile App,26-35,2024-04-03,2024-10-04,12,16741.46,3,Dormant,Bill Pay,,1
CUS01779,2024-07-23,Mass Market,Nairobi,Agent,46-55,2024-07-27,2024-12-24,6,10360.22,2,Active,Airtime,,1
CUS00115,2024-01-12,SME,Mombasa,Mobile App,18-25,2024-01-24,2024-07-28,64,2880115.27,5,Churned,Bill Pay,,1
CUS01092,2024-03-23,Mass Market,Nairobi,Agent,36-45,,,0,0.0,0,Dormant,Mobile Transfer,,0
CUS01290,2024-03-04,Mass Affluent,Nairobi,Mobile App,18-25,,,0,0.0,0,Dormant,Mobile Transfer,,0
CUS00212,2024-09-02,Corporate,Mombasa,Mobile App,36-45,2024-09-21,2024-11-30,36,9989242.54,2,Dormant,Merchant Pay,,1
CUS00351,2024-03-29,Mass Affluent,Nairobi,Mobile App,46-55,2024-04-01,2024-04-26,57,762399.74,5,Churned,Mobile Transfer,,1
CUS00325,2024-09-13,Mass Market,Nairobi,USSD,36-45,,,0,0.0,0,Dormant,Bill Pay,,0
CUS00366,2024-05-07,Mass Market,Nairobi,Mobile App,55+,2024-05-12,2024-08-14,8,8792.17,2,Churned,Mobile Transfer,,1
CUS01474,2024-02-02,Mass Market,Nakuru,Agent,26-35,,,0,0.0,0,Dormant,Mobile Transfer,,0
CUS01111,2024-10-02,Mass Market,Nakuru,Mobile App,36-45,2024-10-23,2024-11-18,2,4493.11,1,Dormant,Mobile Transfer,,1
CUS01248,2024-07-08,Mass Market,Kisumu,USSD,36-45,2024-07-19,2024-07-24,5,11302.64,2,Churned,Bill Pay,,1
CUS00555,2024-04-04,SME,Eldoret,Mobile App,18-25,2024-04-07,2024-05-16,78,3364409.59,5,Churned,Merchant Pay,,1
CUS00591,2024-06-02,Mass Market,Mombasa,Agent,18-25,2024-06-13,2024-08-09,4,9361.6,2,Churned,Mobile Transfer,,1
CUS00964,2024-11-08,Mass Market,Kisumu,USSD,46-55,2024-11-26,2024-12-24,2,1377.21,1,Active,Airtime,,1
CUS01619,2024-01-18,SME,Nairobi,Agent,26-35,,,0,0.0,0,Dormant,Merchant Pay,,0
CUS00722,2024-09-05,Mass Affluent,Nakuru,USSD,18-25,2024-09-14,2024-11-15,8,71374.66,1,Dormant,Airtime,,1
CUS00050,2024-10-19,Mass Affluent,Kisumu,USSD,18-25,2024-11-05,2024-12-06,6,81199.94,1,Active,Mobile Transfer,,1
CUS01266,2024-06-10,SME,Mombasa,Agent,26-35,,,0,0.0,0,Dormant,Airtime,,0
CUS00211,2024-08-26,Corporate,Nakuru,Agent,26-35,2024-08-31,2024-12-22,56,8256741.39,3,Active,Mobile Transfer,,1
CUS01281,2024-04-03,Mass Affluent,Nakuru,Mobile App,36-45,2024-04-15,2024-06-14,37,147853.6,5,Churned,Digital Loan,,1
CUS01176,2024-03-13,Mass Market,Mombasa,Mobile App,36-45,,,0,0.0,0,Dormant,Merchant Pay,,0
CUS01357,2024-03-08,Mass Market,Eldoret,Mobile App,26-35,,,0,0.0,0,Dormant,Mobile Transfer,,0
CUS00583,2024-05-15,SME,Mombasa,Agent,26-35,2024-05-22,2024-11-27,62,2860806.41,4,Dormant,Mobile Transfer,,1
CUS00072,2024-05-04,Mass Market,Mombasa,USSD,55+,,,0,0.0,0,Dormant,Airtime,,0
CUS00999,2024-08-14,Mass Affluent,Eldoret,Branch,26-35,,,0,0.0,0,Dormant,Merchant Pay,,0
CUS00260,2024-04-09,Mass Market,Nairobi,Mobile App,36-45,2024-04-14,2024-07-26,11,20949.03,2,Churned,Airtime,,1
CUS00052,2024-04-06,Mass Market,,Mobile App,18-25,2024-04-18,2024-07-31,8,6380.62,2,Churned,Bill Pay,,1
CUS00199,2024-11-10,Mass Affluent,Nakuru,Mobile App,36-45,,,0,0.0,0,Dormant,Merchant Pay,,0
CUS01650,2024-01-16,Mass Affluent,Kisumu,USSD,55+,2024-01-27,2024-11-20,32,358665.69,7,Dormant,Digital Loan,,1
CUS01320,2024-09-07,SME,Nakuru,Mobile App,18-25,2024-09-26,2024-09-26,17,543200.47,1,Churned,Merchant Pay,,1
CUS01885,2024-03-07,Mass Market,Nairobi,Mobile App,26-35,2024-03-11,2024-03-18,14,19709.41,3,Churned,Mobile Transfer,,1
CUS01992,2024-09-11,Mass Market,Mombasa,Agent,26-35,2024-09-12,2024-11-15,3,3544.95,1,Dormant,Airtime,,1
CUS00985,2024-02-27,Mass Market,Nairobi,Agent,55+,2024-03-01,2024-06-08,14,18994.66,3,Churned,Airtime,,1
CUS01767,2024-08-10,Mass Affluent,Mombasa,USSD,26-35,2024-08-17,2024-10-18,12,53131.48,2,Dormant,Airtime,,1
CUS00333,2024-02-01,Mass Market,Nairobi,Mobile App,36-45,2024-02-16,2024-07-17,16,43026.06,3,Churned,Merchant Pay,,1
CUS01878,2024-07-24,Mass Market,Eldoret,Mobile App,26-35,2024-08-08,2024-09-22,4,8532.75,1,Churned,Mobile Transfer,,1
CUS00963,2024-09-10,Mass Affluent,Nairobi,Mobile App,36-45,2024-09-17,2024-11-06,10,125247.89,1,Dormant,Airtime,,1
CUS00870,2024-07-19,Mass Market,Nakuru,Branch,26-35,,,0,0.0,0,Dormant,Mobile Transfer,,0
CUS00416,2024-02-18,Mass Market,Kisumu,Agent,18-25,2024-03-08,2024-05-24,17,22491.46,3,Churned,Mobile Transfer,,1
CUS00274,2024-09-04,Corporate,Nairobi,Mobile App,36-45,2024-09-24,2024-11-02,37,7589491.18,2,Dormant,Merchant Pay,,1
CUS01354,2024-11-10,Mass Affluent,Nairobi,Mobile App,36-45,2024-11-13,2024-12-03,7,49977.82,1,Active,Digital Loan,,1
CUS01495,2024-01-23,Mass Market,Mombasa,USSD,46-55,,,0,0.0,0,Dormant,Mobile Transfer,,0
CUS01464,2024-07-06,Mass Market,Eldoret,Mobile App,36-45,2024-07-16,2024-08-31,2,1972.11,1,Churned,Bill Pay,,1
CUS00251,2024-04-12,SME,Nairobi,USSD,18-25,2024-04-20,2024-05-31,67,3352931.13,4,Churned,Bill Pay,,1
CUS00414,2024-08-27,Corporate,Mombasa,Mobile App,36-45,2024-09-12,2024-10-11,61,17387603.98,2,Dormant,Airtime,,1
CUS00620,2024-04-27,Mass Affluent,Eldoret,Mobile App,36-45,2024-05-12,2024-05-20,39,454930.14,3,Churned,Mobile Transfer,,1
CUS01316,2024-04-01,Mass Affluent,Nairobi,Agent,46-55,2024-04-09,2024-10-02,41,240988.67,5,Dormant,Airtime,,1
CUS00592,2024-06-04,Mass Market,Eldoret,Agent,36-45,2024-06-11,2024-06-13,9,10647.57,2,Churned,Bill Pay,,1
CUS00311,2024-03-08,Mass Market,Nakuru,USSD,55+,2024-03-26,2024-09-11,16,14754.57,3,Churned,Mobile Transfer,,1
CUS00915,2024-05-22,Mass Market,Nakuru,Mobile App,18-25,,2024-10-07,5,10342.83,2,Dormant,Mobile Transfer,,0
CUS00382,2024-04-12,Mass Market,Nairobi,Mobile App,36-45,2024-04-23,2024-06-18,15,12720.75,3,Churned,Airtime,,1
CUS00737,2024-06-18,Mass Market,Kisumu,USSD,26-35,2024-06-29,2024-12-12,5,8795.01,2,Active,Airtime,,1
CUS00426,2024-08-03,Corporate,Nairobi,USSD,55+,2024-08-10,2024-12-24,123,31377100.02,4,Active,Mobile Transfer,,1
CUS01908,2024-08-06,Mass Affluent,Mombasa,Agent,26-35,2024-08-10,2024-08-27,11,126041.95,1,Churned,Airtime,,1
CUS00535,2024-07-26,Mass Market,Nakuru,USSD,36-45,2024-08-04,2024-08-09,2,2258.15,1,Churned,Bill Pay,,1
CUS00756,2024-01-25,Mass Affluent,Nakuru,Branch,18-25,,,0,0.0,0,Dormant,Mobile Transfer,,0
CUS01623,2024-11-19,Mass Market,Nakuru,Mobile App,26-35,2024-11-21,2024-12-26,2,3675.52,1,Active,Digital Loan,,1
CUS01990,2024-08-27,Mass Market,Mombasa,USSD,18-25,2024-09-12,2024-12-09,2,4143.72,1,Active,Digital Loan,,1
CUS01844,2024-08-31,Corporate,Nairobi,USSD,36-45,2024-09-18,2024-09-20,90,17219911.6,3,Churned,Merchant Pay,,1
CUS01365,2024-05-09,Mass Market,Nakuru,Agent,36-45,,,0,0.0,0,,Bill Pay,,0
CUS00409,2024-11-25,Mass Market,Nakuru,USSD,46-55,2024-11-27,2024-12-31,2,2422.45,1,Active,Airtime,,1
CUS00906,2024-07-17,Mass Market,Kisumu,Mobile App,46-55,2024-07-23,2024-12-26,9,7412.76,2,Active,Mobile Transfer,,1
CUS01624,2024-05-27,Mass Affluent,Nairobi,Agent,26-35,,,0,0.0,0,Dormant,Bill Pay,,0
CUS00887,2024-03-05,Mass Market,Nairobi,Mobile App,46-55,,,0,0.0,0,Dormant,Airtime,,0
CUS01243,2024-11-24,Mass Affluent,Kisumu,Agent,55+,2024-12-11,2024-12-26,12,148084.21,1,Active,Merchant Pay,,1
CUS01468,2024-03-09,Mass Affluent,Nairobi,Branch,26-35,2024-03-29,2024-10-01,46,528363.28,5,Churned,Bill Pay,,1
CUS00631,2024-01-26,Mass Market,Mombasa,Mobile App,55+,2024-02-16,2024-10-28,17,26132.02,4,Dormant,Merchant Pay,,1
CUS00427,2024-04-10,Mass Market,Kisumu,USSD,26-35,2024-04-14,2024-07-30,11,17882.06,2,Churned,Mobile Transfer,,1
CUS01442,2024-09-07,Mass Affluent,Nairobi,Mobile App,36-45,2024-09-28,2024-11-14,13,86789.92,1,Dormant,Mobile Transfer,,1
CUS00943,2024-08-03,Mass Market,Nairobi,Agent,46-55,,,0,0.0,0,Dormant,Mobile Transfer,,0
CUS00568,2024-04-21,Mass Market,Nairobi,Mobile App,36-45,,,0,0.0,0,Dormant,Digital Loan,,0
CUS01765,2024-06-03,Mass Market,Nairobi,Mobile App,36-45,2024-06-21,2024-10-01,10,15096.08,3,Churned,Airtime,,1
CUS01940,2024-05-30,Mass Affluent,Nairobi,Mobile App,55+,2024-06-14,2024-11-04,53,506782.07,4,Dormant,Digital Loan,,1
CUS01805,2024-03-04,Mass Market,Mombasa,Agent,26-35,2024-03-13,2024-04-30,11,21994.37,2,Churned,Mobile Transfer,,1
CUS00969,2024-01-29,SME,Nairobi,Agent,36-45,2024-02-17,2024-04-12,106,2015529.68,6,Churned,Mobile Transfer,,1
CUS01402,2024-10-23,Mass Market,Mombasa,Mobile App,18-25,2024-11-12,2024-12-05,4,3745.64,1,Active,Bill Pay,,1
CUS00932,2024-11-27,Mass Market,Nakuru,Mobile App,36-45,,,0,0.0,0,Dormant,Bill Pay,,0
CUS00989,2024-04-07,Mass Affluent,Nakuru,Mobile App,46-55,2024-04-21,2024-12-26,31,294243.31,3,Active,Merchant Pay,,1
CUS00183,2024-03-24,Mass Affluent,Nairobi,Branch,36-45,,,0,0.0,0,Dormant,Airtime,,0
CUS01989,2024-06-13,Corporate,Nairobi,USSD,36-45,,,0,0.0,0,Dormant,Airtime,,0
CUS00171,2024-07-22,Mass Market,Kisumu,USSD,26-35,2024-07-25,2024-12-13,7,17621.02,2,Active,Mobile Transfer,,1
CUS00582,2024-02-16,Mass Affluent,Nairobi,Mobile App,26-35,2024-02-26,2024-03-11,40,243193.84,6,Churned,Digital Loan,,1
CUS01756,2024-04-06,Mass Market,Eldoret,Mobile App,18-25,2024-04-20,2024-05-14,9,7930.06,2,Churned,Bill Pay,,1
CUS01084,2024-07-27,Corporate,Nakuru,USSD,18-25,,,0,0.0,0,Dormant,Bill Pay,,0
CUS01889,2024-08-28,Mass Market,Kisumu,Mobile App,18-25,2024-09-12,2024-10-14,2,0.0,1,Dormant,Airtime,Review Required,1
CUS01736,2024-03-05,Mass Market,Mombasa,Agent,46-55,2024-03-13,2024-09-28,22,31030.48,4,Churned,Airtime,,1
CUS00856,2024-07-23,Mass Market,Nakuru,Mobile App,26-35,2024-07-27,2024-12-06,9,20161.44,2,Active,Digital Loan,,1
CUS01403,2024-02-23,Mass Affluent,Nairobi,USSD,46-55,2024-02-26,2024-06-16,48,209099.26,5,Churned,Mobile Transfer,,1
CUS00273,2024-04-14,Mass Market,Mombasa,Mobile App,46-55,2024-04-30,2024-06-27,14,21588.46,3,Churned,Bill Pay,,1
CUS00399,2024-08-14,Mass Market,Nairobi,USSD,18-25,,,0,0.0,0,Dormant,Mobile Transfer,,0
CUS01559,2024-05-13,Mass Market,Nairobi,Mobile App,26-35,2024-05-26,2024-11-17,5,11523.05,2,Dormant,Digital Loan,,1
CUS00933,2024-08-03,Mass Market,Nairobi,Agent,36-45,2024-08-22,2024-09-16,3,4973.34,1,Churned,Mobile Transfer,,1
CUS00695,2024-08-30,Mass Affluent,Mombasa,USSD,26-35,2024-09-01,2024-12-31,24,340004.13,2,Active,Merchant Pay,,1
CUS00437,2024-01-10,SME,,Mobile App,26-35,2024-01-13,2024-09-23,144,5400955.66,8,Churned,Digital Loan,,1
CUS01227,2024-01-04,Mass Affluent,Kisumu,Branch,26-35,,,0,0.0,0,Dormant,Bill Pay,,0
CUS00193,2024-02-21,Mass Market,Nairobi,Branch,26-35,,,0,0.0,0,Dormant,Merchant Pay,,0
CUS00372,2024-08-19,Mass Market,Nairobi,Mobile App,36-45,,2024-12-24,3,5445.82,1,Dormant,Digital Loan,,0
CUS01024,2024-07-05,Mass Market,Eldoret,Agent,26-35,,,0,0.0,0,Dormant,Digital Loan,,0
CUS01656,2024-01-25,Mass Market,Nairobi,USSD,36-45,2024-02-06,2024-02-27,8,19531.43,3,Churned,Airtime,,1
CUS00922,2024-10-07,Mass Market,Nairobi,USSD,26-35,,,0,0.0,0,Dormant,Digital Loan,,0
CUS01617,2024-02-27,Mass Market,Mombasa,USSD,46-55,,,0,0.0,0,Dormant,Airtime,,0
CUS00618,2024-10-26,SME,Kisumu,Branch,26-35,2024-11-11,2024-12-28,13,507922.9,1,Active,Mobile Transfer,,1
CUS00782,2024-03-11,Mass Affluent,Nakuru,Agent,36-45,,,0,0.0,0,Dormant,Mobile Transfer,,0
CUS00293,2024-08-25,Mass Market,Nairobi,USSD,18-25,2024-09-01,2024-11-14,2,1950.72,1,Dormant,Mobile Transfer,,1
CUS01748,2024-05-06,Mass Market,Nairobi,Mobile App,26-35,,,0,0.0,0,Dormant,Mobile Transfer,,0
CUS00519,2024-05-05,Mass Market,Nakuru,Mobile App,26-35,2024-05-21,2024-11-18,7,18446.99,2,Dormant,Digital Loan,,1
CUS01085,2024-02-03,Mass Market,Nairobi,Mobile App,36-45,2024-02-04,2024-03-22,10,10127.97,3,Churned,Mobile Transfer,,1
CUS00335,2024-08-22,Mass Market,Nakuru,USSD,36-45,2024-09-03,2024-09-14,2,4067.63,1,Churned,Mobile Transfer,,1
CUS01854,2024-04-04,Mass Affluent,Kisumu,USSD,26-35,2024-04-12,2024-07-14,34,378344.32,5,Churned,Mobile Transfer,,1
CUS01174,2024-07-07,Mass Market,Eldoret,USSD,26-35,2024-07-11,2024-10-02,3,3169.39,1,Dormant,Merchant Pay,,1
CUS00835,2024-07-15,SME,Mombasa,USSD,36-45,2024-07-30,2024-09-18,20,670404.58,2,Churned,Airtime,,1
CUS01059,2024-08-31,Mass Market,Kisumu,USSD,26-35,2024-09-09,2024-10-26,2,3781.54,1,Dormant,Digital Loan,,1
CUS01952,2024-07-25,Mass Market,Nairobi,Branch,36-45,2024-08-09,2024-08-13,2,4275.14,1,Churned,Mobile Transfer,,1
CUS01582,2024-07-19,Mass Market,Eldoret,Agent,36-45,2024-07-24,2024-10-24,4,6084.2,1,Dormant,Bill Pay,,1
CUS00016,2024-08-10,SME,Mombasa,Mobile App,36-45,2024-08-16,2024-09-10,9,142307.14,1,Churned,Bill Pay,,1
CUS00508,2024-06-26,Mass Market,Nairobi,USSD,26-35,,,0,0.0,0,Dormant,Airtime,,0
CUS00681,2024-02-20,Mass Market,Mombasa,Mobile App,36-45,,,0,0.0,0,Dormant,Bill Pay,,0
CUS00142,2024-07-13,Mass Market,Nairobi,Agent,26-35,2024-07-27,2024-11-03,4,8155.91,1,Dormant,Airtime,,1
CUS00846,2024-07-03,Mass Affluent,Nakuru,Agent,46-55,2024-07-09,2024-09-17,23,257066.92,3,Churned,Airtime,,1
CUS00924,2024-01-15,Mass Market,Mombasa,Mobile App,18-25,2024-01-19,2024-05-09,10,18151.58,3,Churned,Merchant Pay,,1
CUS01731,2024-08-25,Mass Market,Mombasa,USSD,26-35,2024-09-10,2024-12-22,5,11270.19,1,Active,Digital Loan,,1
CUS01627,2024-03-08,Mass Affluent,Eldoret,Agent,18-25,2024-03-27,2024-05-20,47,219413.02,4,Churned,Mobile Transfer,,1
CUS00003,2024-07-21,Mass Market,Kisumu,USSD,18-25,2024-08-06,2024-11-20,5,3355.92,1,Dormant,Bill Pay,,1
CUS00910,2024-01-01,Mass Market,Mombasa,Branch,26-35,2024-01-07,2024-01-20,16,20984.46,3,Churned,Mobile Transfer,,1
CUS01107,2024-08-01,Mass Market,Nairobi,Mobile App,36-45,2024-08-16,2024-11-19,3,5784.41,1,Dormant,Airtime,,1
CUS00466,2024-01-30,Mass Market,Nairobi,Branch,36-45,,,0,0.0,0,Dormant,Airtime,,0
CUS01882,2024-08-24,Mass Market,Kisumu,Mobile App,26-35,2024-09-13,2024-12-04,2,3912.59,1,Active,Airtime,,1
CUS01607,2024-10-29,Mass Market,Nakuru,Mobile App,55+,2024-11-15,2024-12-09,4,8653.38,1,Active,Airtime,,1
CUS00200,2024-07-11,Mass Affluent,Eldoret,Mobile App,36-45,2024-08-01,2024-08-13,9,114898.08,2,Churned,Mobile Transfer,,1
CUS01166,2024-01-04,SME,Eldoret,Mobile App,36-45,2024-01-19,2024-05-18,138,8075620.14,7,Churned,Bill Pay,,1
CUS01375,2024-04-16,Mass Market,Eldoret,Mobile App,26-35,,,0,0.0,0,Dormant,Bill Pay,,0
CUS00340,2024-03-07,Mass Market,Nairobi,Agent,55+,2024-03-15,2024-11-26,7,15051.71,3,Dormant,Airtime,,1
CUS01062,2024-05-08,Mass Market,Nairobi,Mobile App,46-55,2024-05-12,2024-12-04,11,22269.8,2,Active,Bill Pay,,1
CUS01139,2024-11-28,Mass Market,Mombasa,USSD,55+,2024-12-13,2024-12-16,4,7446.58,1,Active,Mobile Transfer,,1
CUS01457,2024-04-24,Mass Affluent,Nairobi,Agent,18-25,,,0,0.0,0,Dormant,Mobile Transfer,,0
CUS01493,2024-03-25,Mass Affluent,Nakuru,Mobile App,36-45,,2024-06-15,50,702534.66,4,Dormant,Mobile Transfer,,0
CUS01953,2024-09-30,SME,Nairobi,USSD,36-45,2024-10-07,2024-12-07,16,426876.98,1,Active,Mobile Transfer,,1
CUS01827,2024-01-06,Mass Market,Nairobi,USSD,36-45,,,0,0.0,0,Dormant,Mobile Transfer,,0
CUS01549,2024-08-11,Mass Market,Nakuru,Mobile App,36-45,2024-08-26,2024-12-25,2,2211.14,1,Active,Bill Pay,,1
CUS00731,2024-03-13,Mass Market,Nairobi,Mobile App,26-35,2024-03-16,2024-09-12,10,14928.5,3,Churned,Airtime,,1
CUS00266,2024-02-11,Mass Market,Kisumu,Mobile App,36-45,2024-02-12,2024-04-28,6,6856.12,3,Churned,Merchant Pay,,1
CUS01784,2024-05-31,Mass Market,Kisumu,USSD,46-55,2024-06-06,2024-10-13,9,11832.5,3,Dormant,Mobile Transfer,,1
CUS01422,2024-05-31,SME,Nairobi,Mobile App,26-35,2024-06-09,2024-07-20,56,2263484.05,5,Churned,Bill Pay,,1
CUS00377,2024-06-15,Mass Market,Nairobi,Mobile App,26-35,2024-07-02,2024-07-08,11,21453.15,2,Churned,Merchant Pay,,1
CUS01115,2024-05-23,Mass Affluent,Kisumu,Mobile App,36-45,2024-05-30,2024-07-19,26,136726.77,3,Churned,Mobile Transfer,,1
CUS01817,2024-05-08,Mass Market,Mombasa,USSD,26-35,2024-05-26,2024-11-28,9,9426.54,2,Dormant,Bill Pay,,1
CUS01041,2024-11-06,Mass Affluent,Nairobi,USSD,26-35,2024-11-17,2024-12-02,10,117699.73,1,Active,Mobile Transfer,,1
CUS00044,2024-10-19,Mass Market,Eldoret,Mobile App,46-55,2024-11-04,2024-12-25,2,3525.43,1,Active,Bill Pay,,1
CUS01689,2024-11-21,Mass Affluent,Mombasa,Mobile App,36-45,2024-12-04,2024-12-14,6,61757.82,1,Active,Digital Loan,,1
CUS00275,2024-11-15,Mass Market,Mombasa,USSD,18-25,,,0,0.0,0,Dormant,Airtime,,0
CUS00440,2024-09-21,Mass Market,Nairobi,Mobile App,36-45,2024-10-03,2024-11-16,2,4213.27,1,Dormant,Digital Loan,,1
CUS01104,2024-03-29,Mass Market,Nakuru,Agent,36-45,2024-04-16,2024-09-03,6,8168.78,2,Churned,Merchant Pay,,1
CUS00272,2024-06-21,Mass Market,Nairobi,Branch,18-25,,,0,0.0,0,Dormant,Airtime,,0
CUS00185,2024-06-23,Mass Market,Nairobi,USSD,18-25,,,0,0.0,0,Dormant,Mobile Transfer,,0
CUS00102,2024-02-05,Mass Market,Mombasa,Mobile App,26-35,2024-02-08,2024-06-15,8,6524.95,3,Churned,Digital Loan,,1
CUS00875,2024-02-25,Mass Market,Nairobi,Mobile App,36-45,2024-03-04,2024-07-05,8,19169.63,3,Churned,Airtime,,1
CUS01010,2024-04-16,Mass Market,Nairobi,Branch,36-45,,,0,0.0,0,Dormant,Mobile Transfer,,0
CUS01330,2024-02-04,Mass Market,Nairobi,Mobile App,36-45,2024-02-23,2024-04-22,22,16711.45,4,Churned,Mobile Transfer,,1
CUS00245,2024-04-24,Mass Market,Kisumu,Agent,36-45,,,0,0.0,0,Dormant,Mobile Transfer,,0
CUS01252,2024-06-27,SME,Kisumu,Agent,36-45,2024-06-28,2024-12-09,28,1347222.18,2,Active,Merchant Pay,,1
CUS00549,2024-05-24,Mass Affluent,Nairobi,Mobile App,26-35,,,0,0.0,0,Dormant,Mobile Transfer,,0
CUS00108,2024-06-07,Mass Affluent,Nairobi,USSD,26-35,2024-06-15,2024-07-27,19,219671.91,2,Churned,Mobile Transfer,,1
CUS00446,2024-04-27,SME,Mombasa,Agent,36-45,2024-05-18,2024-12-05,43,2642545.17,5,Active,Mobile Transfer,,1
CUS00974,2024-04-19,Mass Market,Nairobi,USSD,18-25,2024-05-03,2024-08-20,4,3339.69,2,Churned,Mobile Transfer,,1
CUS00615,2024-09-15,Mass Affluent,Mombasa,Mobile App,26-35,2024-10-06,2024-10-16,6,59382.72,1,Dormant,Airtime,,1
CUS00498,2024-06-08,Mass Market,Nairobi,Mobile App,36-45,2024-06-19,2024-11-02,2,4860.83,1,Dormant,Airtime,,1
CUS01335,2024-02-16,Mass Market,Nairobi,Branch,36-45,2024-03-08,2024-06-23,10,20609.64,2,Churned,Airtime,,1
CUS01993,2024-05-31,Mass Market,Kisumu,Agent,26-35,2024-06-08,2024-10-05,7,5211.81,2,Dormant,Mobile Transfer,,1
CUS00888,2024-04-29,Mass Market,Mombasa,USSD,18-25,2024-05-12,2024-10-03,6,11346.73,2,Dormant,Mobile Transfer,,1
CUS00760,2024-05-26,SME,Nakuru,Mobile App,26-35,2024-06-10,2024-09-19,77,2349429.1,5,Churned,Bill Pay,,1
CUS00792,2024-06-24,SME,Nairobi,Mobile App,26-35,2024-06-26,2024-11-08,40,1468115.49,4,Dormant,Mobile Transfer,,1
CUS01114,2024-05-30,Mass Market,Nakuru,USSD,36-45,,,0,0.0,0,Dormant,Airtime,,0
CUS00939,2024-04-26,Mass Market,Nairobi,USSD,46-55,2024-04-29,2024-12-19,5,3001.91,2,Active,Digital Loan,,1
CUS01874,2024-05-15,SME,Eldoret,Branch,46-55,2024-05-22,2024-08-30,55,1940387.43,3,Churned,Digital Loan,,1
CUS01306,2024-08-03,SME,Nairobi,Agent,26-35,,,0,0.0,0,Dormant,Merchant Pay,,0
CUS01647,2024-11-12,Mass Market,Kisumu,USSD,36-45,,,0,0.0,0,Dormant,Merchant Pay,,0
CUS00619,2024-11-25,Mass Market,Nairobi,Mobile App,26-35,2024-12-02,2024-12-08,2,4702.46,1,Active,Merchant Pay,,1
CUS01597,2024-01-15,Mass Market,Mombasa,Mobile App,26-35,2024-01-26,2024-03-30,8,14041.57,4,Churned,Airtime,,1
CUS00597,2024-09-27,Mass Market,Nairobi,Agent,36-45,2024-10-02,2024-10-24,3,5215.74,1,,Mobile Transfer,,1
CUS01194,2024-09-10,Mass Affluent,Kisumu,Mobile App,18-25,2024-09-24,2024-11-06,8,74367.7,1,Dormant,Bill Pay,,1
CUS00073,2024-02-11,Mass Market,Nairobi,Mobile App,55+,,,0,0.0,0,Dormant,Mobile Transfer,,0
CUS01238,2024-03-07,Mass Market,Mombasa,USSD,26-35,2024-03-14,2024-03-25,8,8526.68,3,Churned,Digital Loan,,1
CUS00757,2024-05-23,Mass Market,Mombasa,Agent,26-35,,,0,0.0,0,Dormant,Merchant Pay,,0
CUS01628,2024-02-20,Mass Market,Nairobi,Branch,26-35,2024-03-08,2024-03-13,9,0.0,3,Churned,Mobile Transfer,Review Required,1
CUS01222,2024-11-25,Mass Affluent,Nairobi,Agent,46-55,2024-11-30,2024-11-30,8,81436.72,1,Dormant,Bill Pay,,1
CUS01935,2024-10-25,Mass Market,Nairobi,USSD,46-55,2024-11-12,2024-12-02,5,8334.61,1,Active,Digital Loan,,1
CUS01344,2024-06-09,Mass Market,,Mobile App,36-45,2024-06-30,2024-08-21,4,4912.8,2,Churned,Digital Loan,,1
CUS00758,2024-02-22,Mass Market,Eldoret,USSD,26-35,2024-02-28,2024-03-29,20,38293.36,4,Churned,Mobile Transfer,,1
CUS00860,2024-06-08,Mass Market,Mombasa,USSD,26-35,2024-06-20,2024-10-08,5,5454.95,2,Dormant,Merchant Pay,,1
CUS01212,2024-06-06,Mass Market,Nairobi,Mobile App,36-45,,2024-07-27,11,13930.03,2,Dormant,Merchant Pay,,0
CUS00482,2024-01-06,SME,Nairobi,Branch,18-25,,,0,0.0,0,Dormant,Mobile Transfer,,0
CUS00772,2024-11-19,SME,Nakuru,Mobile App,36-45,2024-11-30,2024-12-21,14,745528.54,1,Active,Merchant Pay,,1
CUS01112,2024-03-03,Mass Market,Nairobi,Agent,36-45,2024-03-05,2024-03-05,16,20559.82,3,Churned,Airtime,,1
CUS00610,2024-11-17,Mass Market,Nairobi,Agent,55+,2024-11-29,2024-12-15,4,6389.79,1,Active,Digital Loan,,1
CUS01051,2024-06-01,Corporate,Nairobi,Mobile App,55+,2024-06-14,2024-09-05,129,33573409.33,5,Churned,Airtime,,1
CUS01926,2024-07-16,Mass Market,Mombasa,Agent,36-45,,,0,0.0,0,Dormant,Merchant Pay,,0
CUS00507,2024-05-18,Mass Market,Nairobi,Agent,26-35,2024-05-25,2024-10-17,9,12199.12,3,Dormant,Bill Pay,,1
CUS01815,2024-11-18,Mass Market,Kisumu,Mobile App,26-35,2024-12-06,2024-12-17,4,3102.76,1,Active,Digital Loan,,1
CUS00679,2024-09-05,Mass Market,Nairobi,Mobile App,26-35,2024-09-18,2024-10-24,5,9342.54,1,Dormant,Mobile Transfer,,1
CUS01862,2024-05-09,Mass Affluent,Mombasa,Mobile App,18-25,2024-05-20,2024-09-26,44,463702.88,4,Churned,Merchant Pay,,1
CUS00494,2024-05-14,Mass Market,Eldoret,Agent,36-45,2024-05-26,2024-10-13,5,3733.61,2,Dormant,Digital Loan,,1
CUS00775,2024-10-08,Mass Market,Mombasa,USSD,36-45,2024-10-22,2024-11-08,2,3673.66,1,Dormant,Mobile Transfer,,1
CUS01329,2024-02-24,Mass Market,Nairobi,Agent,26-35,,,0,0.0,0,Dormant,Digital Loan,,0
CUS01060,2024-08-26,Mass Affluent,Kisumu,USSD,18-25,,,0,0.0,0,Dormant,Bill Pay,,0
CUS00278,2024-09-02,SME,Nairobi,Agent,46-55,2024-09-03,2024-11-22,38,1665333.63,2,Dormant,Bill Pay,,1
CUS00744,2024-01-07,Mass Market,Nairobi,Mobile App,18-25,2024-01-14,2024-06-21,14,12533.16,3,Churned,Airtime,,1
CUS01858,2024-11-10,Mass Market,Mombasa,Agent,26-35,2024-11-28,2024-12-10,2,4612.08,1,Active,Bill Pay,,1
CUS00359,2024-09-22,SME,Nairobi,USSD,36-45,2024-10-09,2024-11-24,9,200587.59,1,Dormant,Bill Pay,,1
CUS01327,2024-08-30,Mass Market,Mombasa,Branch,26-35,2024-09-16,2024-10-09,5,3054.67,1,Dormant,Airtime,,1
CUS01118,2024-07-09,Mass Affluent,Nairobi,Mobile App,18-25,2024-07-23,2024-08-29,16,185818.52,3,Churned,Merchant Pay,,1
CUS01371,2024-03-14,Mass Market,Kisumu,Agent,26-35,,,0,0.0,0,Dormant,Bill Pay,,0
CUS00237,2024-03-26,Mass Market,Nairobi,Mobile App,36-45,2024-04-13,2024-07-01,7,18478.05,2,Churned,Bill Pay,,1
CUS00312,2024-01-11,SME,Mombasa,Mobile App,26-35,2024-01-31,2024-12-27,84,4317777.92,5,Active,Digital Loan,,1
CUS00552,2024-05-30,Mass Market,Nairobi,USSD,46-55,2024-06-14,2024-12-12,5,4090.07,1,Active,Merchant Pay,,1
CUS01879,2024-09-26,Mass Market,Nairobi,Mobile App,36-45,2024-10-11,2024-11-01,5,6847.9,1,Dormant,Digital Loan,,1
CUS00833,2024-01-11,Mass Market,Nairobi,Agent,46-55,2024-01-13,2024-04-19,7,15114.7,3,Churned,Mobile Transfer,,1
CUS00904,2024-10-25,SME,Kisumu,USSD,18-25,,,0,0.0,0,Dormant,Airtime,,0
CUS00406,2024-06-04,Mass Market,Nairobi,USSD,36-45,,,0,0.0,0,Dormant,Merchant Pay,,0
CUS00209,2024-02-29,Mass Affluent,Mombasa,Agent,26-35,2024-03-02,2024-08-08,30,127093.22,4,Churned,Bill Pay,,1
CUS01395,2024-09-28,SME,Mombasa,Mobile App,18-25,2024-10-13,2024-12-25,24,847010.59,2,Active,Airtime,,1
CUS01570,2024-11-18,Mass Affluent,Mombasa,Agent,18-25,2024-12-02,2024-12-23,5,53299.99,1,Active,Mobile Transfer,,1
CUS00059,2024-11-12,Mass Market,Nairobi,Mobile App,26-35,2024-11-13,2024-12-12,4,9713.6,1,Active,Mobile Transfer,,1
CUS00632,2024-11-17,Mass Affluent,Mombasa,Mobile App,26-35,2024-12-06,2024-12-23,7,63316.76,1,Active,Merchant Pay,,1
CUS01594,2024-03-23,Mass Market,Nairobi,Mobile App,26-35,,,0,0.0,0,Dormant,Digital Loan,,0
CUS01871,2024-11-17,Mass Market,Nairobi,Mobile App,26-35,2024-12-01,2024-12-12,2,2381.9,1,Active,Mobile Transfer,,1
CUS01587,2024-03-28,Corporate,Kisumu,Agent,26-35,2024-03-29,2024-08-26,109,27525140.46,7,Churned,Airtime,,1
CUS00364,2024-10-13,Mass Affluent,Mombasa,Mobile App,18-25,2024-10-28,2024-12-24,6,38721.61,1,Active,Mobile Transfer,,1
CUS00506,2024-04-01,SME,Kisumu,USSD,46-55,2024-04-14,2024-12-30,54,934107.06,5,Active,Airtime,,1
CUS01317,2024-01-12,Mass Affluent,Mombasa,Agent,55+,2024-01-23,2024-06-06,77,394789.11,6,Churned,Bill Pay,,1
CUS01129,2024-10-23,Mass Market,Nairobi,Agent,36-45,2024-10-31,2024-11-15,2,4142.45,1,Dormant,Mobile Transfer,,1
CUS01613,2024-02-24,SME,Mombasa,Mobile App,18-25,2024-02-26,2024-04-03,63,2530999.12,4,Churned,Bill Pay,,1
CUS01224,2024-07-19,SME,Kisumu,Mobile App,36-45,2024-07-20,2024-10-24,52,3093441.31,3,Dormant,Digital Loan,,1
CUS01203,2024-11-23,Mass Market,Mombasa,Branch,18-25,2024-11-26,2024-11-29,3,2701.47,1,Dormant,Merchant Pay,,1
CUS00991,2024-11-30,Mass Market,Nairobi,Mobile App,46-55,,,0,0.0,0,Dormant,Merchant Pay,,0
CUS01345,2024-09-18,Corporate,Nairobi,Mobile App,46-55,2024-10-07,2024-12-06,61,11012595.14,2,Active,Merchant Pay,,1
CUS00119,2024-11-08,Mass Affluent,Mombasa,USSD,36-45,2024-11-10,2024-12-07,6,54164.5,1,Active,Airtime,,1
CUS00702,2024-05-17,SME,Mombasa,Mobile App,36-45,2024-05-28,2024-08-26,86,2516762.77,5,Churned,Bill Pay,,1
CUS01260,2024-09-08,Mass Affluent,Nakuru,Mobile App,36-45,,,0,0.0,0,Dormant,Bill Pay,,0
CUS01999,2024-04-02,Mass Market,Eldoret,Branch,18-25,2024-04-05,2024-06-04,9,5427.7,3,Churned,Airtime,,1
CUS01170,2024-11-13,Mass Affluent,Nairobi,Mobile App,36-45,2024-12-02,2024-12-31,10,119973.31,1,Active,Bill Pay,,1
CUS00310,2024-10-07,Mass Affluent,Nairobi,Branch,46-55,2024-10-12,2024-11-27,12,86494.33,1,Dormant,Mobile Transfer,,1
CUS00523,2024-08-09,Mass Market,Nairobi,Mobile App,36-45,2024-08-16,2024-08-21,4,10573.32,1,Churned,Digital Loan,,1
CUS00227,2024-03-16,Mass Market,Nairobi,Agent,26-35,2024-03-18,2024-10-10,10,25342.63,2,Dormant,Mobile Transfer,,1
CUS00514,2024-09-15,Corporate,Kisumu,Mobile App,26-35,2024-09-22,2024-12-22,32,6961245.66,1,Active,Mobile Transfer,,1
CUS00082,2024-02-07,Mass Market,Eldoret,Mobile App,36-45,2024-02-17,2024-09-25,10,26384.7,2,Churned,Digital Loan,,1
CUS00728,2024-08-18,Mass Affluent,Mombasa,Mobile App,26-35,2024-08-29,2024-12-14,7,55142.78,1,Active,Mobile Transfer,,1
CUS01709,2024-10-06,SME,Nairobi,USSD,46-55,,,0,0.0,0,Dormant,Merchant Pay,,0
CUS01924,2024-03-19,Mass Market,Mombasa,USSD,46-55,,,0,0.0,0,Dormant,Digital Loan,,0
CUS00381,2024-09-19,Mass Affluent,Eldoret,USSD,26-35,2024-09-27,2024-12-23,8,29236.68,1,Active,Airtime,,1
CUS01809,2024-05-13,Mass Affluent,Nakuru,Mobile App,26-35,,,0,0.0,0,Dormant,Bill Pay,,0
CUS01787,2024-03-13,Mass Affluent,Kisumu,Branch,26-35,,,0,0.0,0,Dormant,Mobile Transfer,,0
CUS01869,2024-08-02,Mass Market,Mombasa,Mobile App,18-25,2024-08-04,2024-10-12,2,1638.21,1,Dormant,Airtime,,1
CUS01538,2024-05-13,Mass Affluent,Nakuru,Agent,18-25,2024-05-30,2024-07-09,19,116354.9,3,Churned,Mobile Transfer,,1
CUS00085,2024-08-02,Mass Affluent,Nairobi,Branch,26-35,,,0,0.0,0,Dormant,Bill Pay,,0
CUS01091,2024-06-15,SME,Nairobi,Mobile App,26-35,2024-06-29,2024-08-29,44,1980202.33,3,Churned,Digital Loan,,1
CUS01994,2024-08-26,Corporate,Nairobi,Branch,26-35,2024-08-27,2024-11-27,48,15210467.82,2,Dormant,Digital Loan,,1
CUS01543,2024-06-20,Mass Affluent,Kisumu,Mobile App,18-25,2024-06-25,2024-07-27,23,279160.87,2,Churned,Merchant Pay,,1
CUS00330,2024-10-05,Mass Market,Nairobi,Mobile App,26-35,2024-10-14,2024-10-25,2,2460.36,1,Dormant,Airtime,,1
CUS00149,2024-04-29,Mass Market,Mombasa,Agent,46-55,2024-05-03,2024-12-28,9,11889.41,3,Active,Bill Pay,,1
CUS00007,2024-10-01,Mass Market,Nakuru,Agent,36-45,2024-10-17,2024-12-20,4,4682.26,1,Active,Bill Pay,,1
CUS01447,2024-01-12,Mass Affluent,Mombasa,Mobile App,26-35,,,0,0.0,0,Dormant,Digital Loan,,0
CUS01432,2024-03-17,Mass Affluent,Mombasa,Mobile App,18-25,,,0,0.0,0,Dormant,Bill Pay,,0
CUS00629,2024-08-19,Mass Market,Nairobi,USSD,18-25,2024-09-02,2024-10-09,2,1273.53,1,Dormant,Mobile Transfer,,1
CUS01548,2024-10-10,Mass Affluent,Nairobi,Mobile App,26-35,2024-10-29,2024-12-09,12,69031.5,1,Active,Mobile Transfer,,1
CUS01792,2024-05-04,Mass Affluent,,USSD,18-25,,,0,0.0,0,Dormant,Mobile Transfer,,0
CUS00880,2024-02-25,Mass Market,Nairobi,Mobile App,36-45,2024-03-17,2024-08-01,10,23019.65,2,Churned,Mobile Transfer,,1
CUS00837,2024-09-25,Mass Market,Nairobi,Mobile App,55+,2024-10-06,2024-11-30,3,6137.09,1,Dormant,Bill Pay,,1
CUS00452,2024-04-02,Mass Market,Kisumu,Mobile App,26-35,,,0,0.0,0,Dormant,Merchant Pay,,0
CUS01643,2024-11-04,Mass Market,Nakuru,USSD,46-55,2024-11-21,2024-12-03,4,7134.25,1,Active,Airtime,,1
CUS00491,2024-05-02,Mass Affluent,Nairobi,Mobile App,36-45,2024-05-05,2024-09-17,23,309945.38,3,Churned,Digital Loan,,1
CUS01524,2024-06-02,Mass Affluent,Kisumu,USSD,26-35,2024-06-06,2024-08-28,18,181402.28,3,Churned,Digital Loan,,1
CUS01490,2024-09-22,Mass Market,Mombasa,Mobile App,36-45,2024-09-25,2024-11-22,3,2068.25,1,Dormant,Digital Loan,,1
CUS00288,2024-08-10,Mass Market,Nairobi,Mobile App,46-55,2024-08-21,2024-12-27,5,11216.94,1,Active,Bill Pay,,1
CUS00917,2024-11-26,Mass Affluent,Nairobi,Mobile App,46-55,2024-12-13,2024-12-20,10,76362.42,1,Active,Merchant Pay,,1
CUS00576,2024-05-22,Mass Market,Kisumu,Mobile App,36-45,,,0,0.0,0,Dormant,Merchant Pay,,0
CUS01998,2024-02-08,SME,Nakuru,USSD,18-25,2024-02-23,2024-07-13,60,2583773.48,5,Churned,Merchant Pay,,1
CUS01377,2024-05-14,Mass Market,Mombasa,Mobile App,26-35,2024-05-16,2024-08-23,17,12660.82,3,Churned,Airtime,,1
CUS00558,2024-08-16,Mass Market,Nairobi,Mobile App,55+,2024-08-30,2024-11-04,4,3125.36,1,Dormant,Digital Loan,,1
CUS00768,2024-04-07,Mass Market,Mombasa,Agent,18-25,,,0,0.0,0,Dormant,Bill Pay,,0
CUS01064,2024-09-09,Mass Affluent,Nairobi,USSD,18-25,2024-09-13,2024-10-09,8,41715.47,1,Dormant,Bill Pay,,1
CUS01812,2024-08-02,Mass Market,Nairobi,Agent,18-25,2024-08-22,2024-09-20,8,17591.37,2,Churned,Merchant Pay,,1
CUS01873,2024-10-24,Mass Market,Nairobi,Agent,26-35,,2024-12-27,5,11156.83,1,Dormant,Merchant Pay,,0
CUS01975,2024-09-09,Mass Market,Nairobi,USSD,46-55,2024-09-28,2024-10-03,5,13021.24,1,Dormant,Digital Loan,,1
CUS01356,2024-04-09,Mass Market,Kisumu,Agent,36-45,,,0,0.0,0,Dormant,Mobile Transfer,,0
CUS01712,2024-07-13,Mass Market,Kisumu,Mobile App,26-35,2024-07-23,2024-10-24,11,20934.49,2,Dormant,Airtime,,1
CUS00803,2024-07-20,Mass Market,Mombasa,Branch,36-45,,,0,0.0,0,Dormant,Airtime,,0
CUS01310,2024-08-05,SME,Kisumu,Mobile App,55+,,,0,0.0,0,Dormant,Bill Pay,,0
CUS00944,2024-07-04,Mass Market,Nairobi,Agent,36-45,2024-07-12,2024-11-20,2,5181.17,1,Dormant,Bill Pay,,1
CUS00839,2024-07-11,Mass Market,Nairobi,Mobile App,26-35,,2024-12-18,2,5084.66,1,Dormant,Merchant Pay,,0
CUS00927,2024-06-06,Mass Affluent,Kisumu,Mobile App,18-25,2024-06-10,2024-09-29,31,382230.24,3,Churned,Bill Pay,,1
CUS01095,2024-02-06,Mass Market,Nairobi,Agent,36-45,2024-02-22,2024-05-13,8,5701.98,3,Churned,Airtime,,1
CUS00965,2024-04-05,Mass Market,Mombasa,Agent,26-35,2024-04-12,2024-10-14,7,13160.43,2,Dormant,Bill Pay,,1
CUS01661,2024-10-21,Mass Market,Eldoret,USSD,36-45,2024-10-28,2024-11-03,5,0.0,1,Dormant,Airtime,Review Required,1
CUS00287,2024-04-01,Mass Affluent,Nakuru,Agent,26-35,2024-04-22,2024-07-16,49,549570.83,4,Churned,Mobile Transfer,,1
CUS00328,2024-06-15,Mass Market,Mombasa,USSD,26-35,,,0,0.0,0,Dormant,Bill Pay,,0
CUS01614,2024-05-06,Mass Affluent,Nairobi,USSD,26-35,2024-05-09,2024-11-28,20,178163.87,4,Dormant,Mobile Transfer,,1
CUS00443,2024-09-19,Mass Market,Nairobi,USSD,36-45,2024-09-21,2024-12-05,5,11422.77,1,Active,Merchant Pay,,1
CUS00742,2024-03-02,SME,Nairobi,USSD,36-45,2024-03-15,2024-03-21,73,3269534.96,4,Churned,Mobile Transfer,,1
CUS00599,2024-11-01,Mass Market,Nairobi,Mobile App,36-45,,,0,0.0,0,Dormant,Digital Loan,,0
CUS00341,2024-09-29,Corporate,Nairobi,Branch,26-35,,,0,0.0,0,Dormant,Bill Pay,,0
CUS01850,2024-06-24,Mass Affluent,Kisumu,USSD,36-45,2024-07-13,2024-08-31,9,123677.43,2,Churned,Merchant Pay,,1
CUS01979,2024-08-27,Mass Market,Nakuru,Mobile App,26-35,2024-09-10,2024-11-24,5,12761.8,1,Dormant,Bill Pay,,1
CUS01640,2024-01-25,Mass Affluent,Nairobi,Agent,26-35,,,0,0.0,0,Dormant,Bill Pay,,0
CUS00501,2024-09-28,Corporate,Nakuru,USSD,36-45,,,0,0.0,0,Dormant,Bill Pay,,0
CUS01775,2024-07-17,SME,Nairobi,Mobile App,36-45,,,0,0.0,0,Dormant,Mobile Transfer,,0
CUS00180,2024-02-04,Mass Market,Mombasa,Agent,46-55,2024-02-09,2024-11-12,9,15096.23,4,Dormant,Bill Pay,,1
CUS01054,2024-11-20,SME,Nairobi,Mobile App,18-25,2024-12-05,2024-12-31,9,487819.06,1,Active,Mobile Transfer,,1
CUS01903,2024-06-30,SME,Nakuru,USSD,36-45,2024-07-17,2024-09-02,69,3916416.64,4,Churned,Merchant Pay,,1
CUS01766,2024-06-01,Mass Market,Nairobi,Agent,36-45,,,0,0.0,0,Dormant,Airtime,,0
CUS01086,2024-11-28,Mass Market,Kisumu,USSD,18-25,2024-12-06,2024-12-27,2,2760.7,1,,Merchant Pay,,1
CUS00789,2024-03-28,Mass Affluent,Nairobi,Mobile App,26-35,2024-03-30,2024-05-01,50,503203.28,4,Churned,Mobile Transfer,,1
CUS00931,2024-09-12,Mass Market,Nairobi,Agent,26-35,2024-09-26,2024-12-08,2,1968.43,1,Active,Bill Pay,,1
CUS01502,2024-03-22,SME,Nakuru,Mobile App,18-25,2024-03-25,2024-05-11,59,1108320.31,5,Churned,Digital Loan,,1
CUS01454,2024-09-24,Corporate,Nakuru,Mobile App,36-45,2024-10-07,2024-10-24,24,7382994.92,2,Dormant,Bill Pay,,1
CUS01164,2024-11-04,Mass Market,Nairobi,Agent,18-25,2024-11-15,2024-12-22,3,4628.08,1,Active,Digital Loan,,1
CUS01629,2024-11-26,Mass Market,Nairobi,USSD,46-55,2024-12-03,2024-12-08,2,3581.98,1,Active,Mobile Transfer,,1
CUS00178,2024-02-01,Mass Market,Mombasa,Mobile App,26-35,,,0,0.0,0,Dormant,Bill Pay,,0
CUS00529,2024-04-20,SME,Kisumu,Mobile App,55+,,,0,0.0,0,Dormant,Mobile Transfer,,0
CUS00347,2024-04-03,SME,Nairobi,Mobile App,36-45,2024-04-16,2024-04-18,109,6322737.4,6,Churned,Bill Pay,,1
CUS01841,2024-08-21,SME,Kisumu,Mobile App,18-25,2024-09-02,2024-12-27,23,617052.8,2,Active,Bill Pay,,1
CUS01396,2024-01-25,Mass Affluent,Mombasa,Mobile App,18-25,2024-02-14,2024-07-27,36,349880.18,6,Churned,Airtime,,1
CUS00708,2024-02-16,Mass Market,Kisumu,USSD,Unknown,2024-02-26,2024-06-18,20,26977.77,4,Churned,Airtime,,1
CUS01973,2024-03-12,Mass Market,Nairobi,Agent,55+,,,0,0.0,0,Dormant,Merchant Pay,,0
CUS00087,2024-06-24,Mass Market,Mombasa,USSD,26-35,2024-07-15,2024-08-19,5,6579.51,1,Churned,Mobile Transfer,,1
CUS00950,2024-02-04,Mass Market,Nairobi,Branch,36-45,,,0,0.0,0,Dormant,Mobile Transfer,,0
CUS01482,2024-11-26,Corporate,Nairobi,Mobile App,36-45,2024-11-30,2024-12-02,18,5744012.29,1,Active,Airtime,,1
CUS01985,2024-10-03,Mass Market,Mombasa,Mobile App,36-45,2024-10-21,2024-10-28,2,5214.13,1,Dormant,Airtime,,1
CUS01912,2024-05-23,Mass Affluent,Nakuru,Branch,18-25,,,0,0.0,0,Dormant,Bill Pay,,0
CUS01019,2024-07-09,Mass Market,Nakuru,Mobile App,26-35,2024-07-19,2024-11-25,3,2160.8,1,Dormant,Digital Loan,,1
CUS00602,2024-09-10,Mass Market,Kisumu,Mobile App,36-45,2024-09-23,2024-11-18,2,1323.45,1,Dormant,Airtime,,1
CUS01056,2024-01-13,Mass Market,Eldoret,Agent,26-35,2024-01-19,2024-07-04,18,42268.82,4,Churned,Merchant Pay,,1
CUS00458,2024-03-17,Mass Affluent,Nairobi,USSD,36-45,2024-03-19,2024-09-05,50,0.0,4,Churned,Merchant Pay,Review Required,1
CUS00244,2024-11-21,SME,Nairobi,Mobile App,36-45,2024-12-12,2024-12-12,19,759806.17,1,Active,Mobile Transfer,,1
CUS01840,2024-10-21,Mass Affluent,Kisumu,Mobile App,46-55,2024-11-01,2024-12-18,12,49984.41,1,Active,Mobile Transfer,,1
CUS01471,2024-03-17,Mass Market,Mombasa,Mobile App,Unknown,2024-03-29,2024-06-02,23,14806.41,4,Churned,Merchant Pay,,1
CUS00055,2024-10-07,Mass Market,Kisumu,Mobile App,26-35,2024-10-26,2024-11-07,5,5938.16,1,Dormant,Mobile Transfer,,1
CUS01074,2024-06-12,Mass Market,Nairobi,Mobile App,26-35,,,0,0.0,0,Dormant,Mobile Transfer,,0
CUS01826,2024-06-16,SME,Eldoret,USSD,26-35,2024-07-02,2024-07-16,39,649691.6,2,Churned,Airtime,,1
CUS00313,2024-01-08,SME,Nairobi,USSD,26-35,2024-01-26,2024-10-19,106,2929296.89,8,Dormant,Mobile Transfer,,1
CUS00436,2024-08-13,SME,Nairobi,Mobile App,26-35,2024-08-18,2024-10-13,35,839411.57,2,Dormant,Digital Loan,,1
CUS01911,2024-01-02,Mass Market,Nairobi,USSD,26-35,2024-01-21,2024-12-09,14,27972.96,3,Active,Airtime,,1
CUS00941,2024-01-18,Mass Affluent,Mombasa,Branch,46-55,2024-01-19,2024-09-26,44,363666.87,4,Churned,Merchant Pay,,1
CUS01113,2024-05-30,Mass Market,Nairobi,Mobile App,Unknown,2024-06-09,2024-09-30,10,19365.35,2,Churned,Merchant Pay,,1
CUS01511,2024-04-12,Mass Market,Kisumu,Mobile App,26-35,2024-04-29,2024-08-20,9,8955.25,2,Churned,Merchant Pay,,1
CUS00309,2024-10-07,SME,Nairobi,Branch,18-25,2024-10-27,2024-10-29,18,390190.59,1,Dormant,Mobile Transfer,,1
CUS00354,2024-11-12,Mass Affluent,Eldoret,USSD,46-55,2024-11-30,2024-12-24,6,61503.31,1,Active,Merchant Pay,,1
CUS00644,2024-02-17,SME,Nakuru,Mobile App,18-25,2024-03-09,2024-06-17,52,2236858.03,5,Churned,Digital Loan,,1
CUS00431,2024-07-06,Mass Market,Nakuru,Agent,26-35,,,0,0.0,0,Dormant,Mobile Transfer,,0
CUS01207,2024-03-24,Corporate,Mombasa,Mobile App,36-45,2024-03-30,2024-06-07,89,13204048.92,6,Churned,Bill Pay,,1
CUS00661,2024-01-24,Mass Market,Mombasa,USSD,26-35,2024-01-25,2024-09-13,9,17492.09,3,Churned,Digital Loan,,1
CUS00060,2024-04-15,Mass Affluent,Nakuru,Agent,36-45,2024-04-18,2024-06-03,51,689934.76,5,Churned,Digital Loan,,1
CUS00371,2024-09-16,Mass Market,Nairobi,Mobile App,26-35,2024-09-18,2024-12-09,3,4369.92,1,Active,Digital Loan,,1
CUS00678,2024-02-01,Mass Affluent,Kisumu,USSD,36-45,2024-02-13,2024-04-12,26,366173.48,4,Churned,Mobile Transfer,,1
CUS00567,2024-06-07,Mass Market,Mombasa,Agent,55+,2024-06-17,2024-09-01,9,10175.02,2,Churned,Mobile Transfer,,1
CUS00987,2024-03-25,Mass Affluent,Eldoret,Mobile App,26-35,2024-04-15,2024-07-21,53,195199.3,5,Churned,Mobile Transfer,,1
CUS00182,2024-08-13,Mass Market,Kisumu,USSD,55+,,,0,0.0,0,Dormant,Airtime,,0
CUS00222,2024-09-21,Mass Market,Eldoret,Branch,55+,,,0,0.0,0,Dormant,Mobile Transfer,,0
CUS01972,2024-04-29,Mass Market,Mombasa,Mobile App,26-35,2024-05-04,2024-05-25,9,18481.44,2,Churned,Mobile Transfer,,1
CUS00114,2024-06-26,Mass Affluent,Nairobi,Agent,18-25,2024-07-07,2024-11-16,36,136792.64,3,Dormant,Airtime,,1
CUS01165,2024-05-13,Mass Market,Nakuru,Agent,55+,2024-05-15,2024-11-12,4,9739.96,2,Dormant,Mobile Transfer,,1
CUS00298,2024-03-06,Mass Market,Kisumu,Mobile App,36-45,2024-03-07,2024-07-29,10,10207.3,3,Churned,Mobile Transfer,,1
CUS01236,2024-08-23,SME,Nakuru,USSD,26-35,2024-09-09,2024-12-11,23,0.0,2,Active,Bill Pay,Review Required,1
CUS00074,2024-10-21,Mass Market,Nairobi,USSD,46-55,,,0,0.0,0,Dormant,Airtime,,0
CUS00163,2024-06-12,SME,Kisumu,Agent,46-55,2024-06-14,2024-06-25,47,1232205.69,3,Churned,Bill Pay,,1
CUS01007,2024-08-03,Mass Market,Nairobi,USSD,26-35,2024-08-21,2024-09-13,3,2812.67,1,Churned,Bill Pay,,1
CUS00175,2024-09-03,Mass Affluent,Mombasa,USSD,26-35,2024-09-15,2024-11-28,8,81989.2,1,Dormant,Digital Loan,,1
CUS00786,2024-01-26,Mass Affluent,Nairobi,USSD,18-25,2024-02-11,2024-12-18,36,232531.26,7,Active,Airtime,,1
CUS00590,2024-01-12,SME,Eldoret,USSD,18-25,,,0,0.0,0,Dormant,Merchant Pay,,0
CUS01569,2024-07-13,Mass Affluent,Nairobi,Mobile App,18-25,2024-07-29,2024-08-09,26,147649.6,2,Churned,Airtime,,1
CUS00019,2024-05-03,SME,Mombasa,Agent,18-25,2024-05-08,2024-07-24,74,1971517.83,5,Churned,Merchant Pay,,1
CUS00424,2024-07-25,SME,Nairobi,Agent,36-45,2024-08-10,2024-10-11,29,866789.71,2,Dormant,Digital Loan,,1
CUS01561,2024-04-13,SME,Mombasa,Mobile App,26-35,2024-04-22,2024-04-29,79,3193717.03,5,Churned,Digital Loan,,1
CUS01546,2024-05-16,Mass Affluent,Nairobi,Branch,36-45,2024-05-24,2024-12-02,30,360445.5,3,Active,Mobile Transfer,,1
CUS00553,2024-01-24,Mass Market,Kisumu,Agent,26-35,2024-01-29,2024-03-23,10,16754.66,4,Churned,Bill Pay,,1
CUS01919,2024-08-07,Mass Market,Nakuru,Mobile App,26-35,,,0,0.0,0,Dormant,Merchant Pay,,0
CUS00594,2024-04-29,Mass Market,Nakuru,Branch,36-45,2024-05-02,2024-10-18,9,16493.96,2,Dormant,Digital Loan,,1
CUS01959,2024-11-21,Mass Market,Nairobi,Agent,36-45,2024-11-23,2024-12-26,3,6491.23,1,Active,Mobile Transfer,,1
CUS00046,2024-10-13,Mass Affluent,Nakuru,USSD,26-35,2024-10-22,2024-12-30,4,30046.84,1,Active,Merchant Pay,,1
CUS00966,2024-04-24,Mass Market,Nairobi,Agent,36-45,2024-05-11,2024-12-11,5,5864.39,2,Active,Bill Pay,,1
CUS01425,2024-06-07,Mass Market,Mombasa,Agent,36-45,2024-06-28,2024-09-18,2,3242.18,1,Churned,Merchant Pay,,1
CUS00433,2024-06-22,Mass Affluent,Nairobi,Mobile App,26-35,2024-07-03,2024-08-18,22,216235.03,2,Churned,Mobile Transfer,,1
CUS01287,2024-03-21,Corporate,Nairobi,Mobile App,46-55,2024-03-22,2024-12-03,224,58138780.87,7,Active,Mobile Transfer,,1
CUS00077,2024-09-10,Mass Market,Nairobi,Agent,26-35,,,0,0.0,0,Dormant,Mobile Transfer,,0
CUS01929,2024-10-16,Mass Market,Kisumu,Branch,26-35,,,0,0.0,0,Dormant,Bill Pay,,0
CUS01423,2024-09-21,SME,Nairobi,Branch,36-45,2024-10-07,2024-12-07,12,616404.25,1,Active,Bill Pay,,1
CUS01436,2024-08-09,Mass Market,Nairobi,Mobile App,36-45,2024-08-27,2024-09-05,3,2133.54,1,Churned,Airtime,,1
CUS00479,2024-05-15,Mass Market,Kisumu,Mobile App,46-55,2024-05-17,2024-09-26,6,5362.55,2,Churned,Mobile Transfer,,1
CUS00454,2024-03-07,Mass Market,Nairobi,Mobile App,46-55,2024-03-21,2024-07-08,11,14348.14,3,Churned,Merchant Pay,,1
CUS00384,2024-08-19,Corporate,Nakuru,USSD,26-35,2024-08-20,2024-12-14,25,6545863.59,2,Active,Airtime,,1
CUS01392,2024-03-27,Mass Market,Nairobi,Mobile App,26-35,2024-04-03,2024-05-31,15,25292.42,3,Churned,Bill Pay,,1
CUS00031,2024-10-22,Mass Market,Eldoret,Agent,36-45,2024-11-01,2024-12-24,4,10444.67,1,Active,Airtime,,1
CUS01324,2024-11-12,Mass Affluent,Nairobi,Mobile App,26-35,2024-11-23,2024-12-02,6,41158.24,1,Active,Mobile Transfer,,1
CUS01522,2024-06-07,Mass Market,Mombasa,Branch,26-35,2024-06-11,2024-07-24,11,26085.37,2,Churned,Bill Pay,,1
CUS01011,2024-07-13,Mass Affluent,Kisumu,Mobile App,46-55,2024-07-24,2024-08-02,18,159779.19,2,Churned,Mobile Transfer,,1
CUS01781,2024-04-23,Mass Market,Mombasa,Agent,26-35,2024-04-30,2024-09-19,5,11976.72,2,Churned,Mobile Transfer,,1
CUS00810,2024-09-13,Mass Market,Nairobi,Mobile App,18-25,2024-09-19,2024-10-17,2,1952.81,1,Dormant,Mobile Transfer,,1
CUS00975,2024-01-13,Mass Market,Nairobi,Mobile App,26-35,2024-01-20,2024-09-30,19,22484.85,4,Churned,Airtime,,1
CUS01465,2024-11-15,Mass Market,Nakuru,USSD,55+,,,0,0.0,0,Dormant,Merchant Pay,,0
CUS01560,2024-04-30,Mass Market,Nairobi,Mobile App,26-35,,,0,0.0,0,Dormant,Mobile Transfer,,0
CUS00821,2024-05-04,Mass Market,Mombasa,USSD,46-55,2024-05-05,2024-05-28,10,11070.99,2,Churned,Bill Pay,,1
CUS01577,2024-08-11,Mass Market,Mombasa,USSD,18-25,,,0,0.0,0,Dormant,Digital Loan,,0
CUS01390,2024-06-16,Mass Market,Kisumu,Mobile App,36-45,2024-06-22,2024-07-20,3,7260.3,1,Churned,Digital Loan,,1
CUS01583,2024-11-14,Mass Affluent,Nairobi,Mobile App,36-45,2024-11-28,2024-12-09,12,141400.0,1,Active,Airtime,,1
CUS00045,2024-06-06,Mass Market,Nakuru,Mobile App,18-25,2024-06-14,2024-12-12,2,2861.08,1,Active,Bill Pay,,1
CUS01836,2024-04-12,Mass Market,Nakuru,Branch,55+,,,0,0.0,0,Dormant,Mobile Transfer,,0
CUS01503,2024-01-30,Mass Market,Nairobi,Mobile App,26-35,2024-02-19,2024-10-21,14,32130.62,3,Dormant,Mobile Transfer,,1
CUS01055,2024-02-03,Mass Market,Mombasa,Branch,18-25,2024-02-08,2024-06-19,11,6623.13,4,Churned,Mobile Transfer,,1
CUS00495,2024-01-26,Mass Affluent,Mombasa,Agent,26-35,2024-02-15,2024-04-11,49,600099.66,6,Churned,Airtime,,1
CUS00169,2024-10-13,Mass Market,Nairobi,Agent,26-35,,,0,0.0,0,Dormant,Mobile Transfer,,0
CUS00665,2024-04-11,Mass Market,Mombasa,Agent,26-35,2024-04-22,2024-12-02,5,12782.49,2,Active,Bill Pay,,1
CUS00304,2024-11-09,Corporate,Nairobi,Mobile App,46-55,2024-11-25,2024-11-28,25,3927981.33,1,Dormant,Mobile Transfer,,1
CUS02000,2024-11-22,Mass Affluent,Nairobi,Mobile App,18-25,2024-12-07,2024-12-21,13,82395.0,1,Active,Mobile Transfer,,1
CUS00421,2024-03-23,Mass Affluent,Mombasa,Mobile App,36-45,2024-04-13,2024-05-22,41,515637.74,5,Churned,Bill Pay,,1
CUS01937,2024-01-06,SME,Mombasa,Branch,26-35,2024-01-17,2024-12-03,84,2068822.08,7,Active,Merchant Pay,,1
CUS00143,2024-04-28,Mass Market,Eldoret,Mobile App,46-55,2024-04-30,2024-10-20,10,25905.9,3,Dormant,Bill Pay,,1
CUS00611,2024-08-07,Mass Affluent,Mombasa,Mobile App,46-55,2024-08-08,2024-12-06,23,306126.9,2,Active,Mobile Transfer,,1
CUS01526,2024-01-25,SME,Nairobi,USSD,46-55,2024-02-15,2024-12-14,159,9555660.88,8,Active,Mobile Transfer,,1
CUS01341,2024-11-21,Mass Affluent,Nairobi,USSD,36-45,,,0,0.0,0,Dormant,Mobile Transfer,,0
CUS01451,2024-06-30,Mass Market,Nairobi,Agent,26-35,2024-07-03,2024-10-04,5,13420.32,2,Dormant,Mobile Transfer,,1
CUS01663,2024-03-28,Mass Market,Mombasa,Mobile App,26-35,,,0,0.0,0,Dormant,Airtime,,0
CUS00585,2024-03-14,Mass Market,Nairobi,Mobile App,18-25,2024-04-03,2024-05-07,7,5345.74,2,Churned,Mobile Transfer,,1
CUS01987,2024-01-04,Corporate,Nairobi,USSD,26-35,2024-01-06,2024-11-03,198,46459430.73,7,Dormant,Digital Loan,,1
CUS00638,2024-05-15,Mass Market,Nairobi,Agent,36-45,2024-05-28,2024-12-02,16,17411.88,3,Active,Digital Loan,,1
CUS00865,2024-08-30,Mass Affluent,Nairobi,Mobile App,46-55,2024-09-11,2024-09-27,12,44209.79,1,Churned,Bill Pay,,1
CUS00422,2024-08-08,SME,Nairobi,Mobile App,26-35,2024-08-14,2024-08-15,32,589176.13,2,Churned,Airtime,,1
CUS01638,2024-05-11,SME,Nairobi,Mobile App,26-35,2024-05-19,2024-09-18,32,720182.71,3,Churned,Airtime,,1
CUS01777,2024-01-18,Mass Affluent,Nairobi,Mobile App,46-55,2024-01-30,2024-03-07,91,1186434.7,7,Churned,Mobile Transfer,,1
CUS01081,2024-07-19,Mass Market,Mombasa,Agent,46-55,,,0,0.0,0,Dormant,Bill Pay,,0
CUS00415,2024-04-22,Mass Market,Nakuru,Branch,55+,,,0,0.0,0,Dormant,Mobile Transfer,,0
CUS00543,2024-08-08,SME,Nakuru,Agent,26-35,2024-08-12,2024-12-02,19,1145628.63,1,Active,Bill Pay,,1
CUS00243,2024-06-17,SME,Mombasa,Mobile App,46-55,,,0,0.0,0,Dormant,Digital Loan,,0
CUS00637,2024-09-07,Mass Market,Eldoret,Mobile App,36-45,2024-09-18,2024-10-14,2,3008.69,1,Dormant,Bill Pay,,1
CUS01415,2024-06-18,Mass Market,Nakuru,Agent,18-25,2024-07-07,2024-11-26,4,2934.32,2,Dormant,Airtime,,1
CUS00800,2024-06-03,Mass Market,Mombasa,Agent,26-35,,,0,0.0,0,Dormant,Airtime,,0
CUS01824,2024-09-22,Mass Market,Eldoret,Mobile App,18-25,2024-10-03,2024-12-09,3,3989.59,1,Active,Mobile Transfer,,1
CUS00899,2024-02-27,Mass Market,Kisumu,Agent,Unknown,,,0,0.0,0,Dormant,Mobile Transfer,,0
CUS01303,2024-11-17,Mass Market,Nairobi,USSD,36-45,,,0,0.0,0,Dormant,Bill Pay,,0
CUS01199,2024-02-21,Mass Affluent,Kisumu,USSD,18-25,2024-03-05,2024-07-20,30,242497.87,5,Churned,Mobile Transfer,,1
CUS00616,2024-10-18,SME,Kisumu,Mobile App,26-35,2024-10-20,2024-11-27,20,1102480.11,1,Dormant,Bill Pay,,1
CUS01733,2024-05-11,Corporate,Nairobi,Mobile App,26-35,2024-05-13,2024-11-18,96,20533509.98,4,Dormant,Bill Pay,,1
CUS00295,2024-02-13,SME,Mombasa,Mobile App,18-25,2024-02-24,2024-03-06,76,2023076.13,7,Churned,Mobile Transfer,,1
CUS00940,2024-09-09,Mass Market,Nairobi,Mobile App,36-45,2024-09-21,2024-12-26,5,7342.41,1,Active,Mobile Transfer,,1
CUS01657,2024-10-02,Mass Market,Kisumu,USSD,26-35,2024-10-11,2024-11-14,5,4455.93,1,Dormant,Bill Pay,,1
CUS01915,2024-06-03,Mass Market,Nairobi,Mobile App,55+,2024-06-08,2024-12-26,5,11351.21,2,Active,Airtime,,1
CUS00089,2024-09-07,SME,Nakuru,Agent,Unknown,2024-09-26,2024-10-25,18,712097.71,1,Dormant,Airtime,,1
CUS00843,2024-09-12,Mass Affluent,Nairobi,Agent,26-35,,,0,0.0,0,Dormant,Merchant Pay,,0
CUS01737,2024-06-20,Mass Market,Nakuru,Mobile App,18-25,2024-06-28,2024-09-23,7,9587.63,2,Churned,Merchant Pay,,1
CUS01162,2024-04-01,Mass Market,Nairobi,Mobile App,18-25,2024-04-15,2024-10-17,6,6626.0,3,Dormant,Airtime,,1
CUS01982,2024-05-06,Mass Affluent,Nairobi,Agent,26-35,,,0,0.0,0,Dormant,Mobile Transfer,,0
CUS00662,2024-11-11,SME,Nairobi,Agent,36-45,2024-11-17,2024-12-03,11,511096.35,1,Active,Bill Pay,,1
CUS01563,2024-06-16,Mass Market,Nairobi,USSD,26-35,2024-06-28,2024-09-17,5,8625.38,1,Churned,Airtime,,1
CUS00315,2024-02-22,Mass Affluent,Nairobi,Mobile App,46-55,2024-03-05,2024-04-20,40,307578.17,4,Churned,Airtime,,1
CUS00042,2024-10-03,Mass Market,Mombasa,Branch,36-45,,,0,0.0,0,Dormant,Mobile Transfer,,0
CUS00692,2024-04-12,Mass Affluent,Kisumu,Mobile App,55+,2024-04-17,2024-10-28,33,348032.57,5,Dormant,Mobile Transfer,,1
CUS01813,2024-05-04,Mass Market,Eldoret,Branch,26-35,,,0,0.0,0,Dormant,Digital Loan,,0
CUS01513,2024-11-07,Mass Market,Kisumu,USSD,36-45,2024-11-25,2024-12-06,4,9888.81,1,Active,Digital Loan,,1
CUS01946,2024-04-29,Mass Market,Mombasa,Mobile App,26-35,2024-05-11,2024-07-08,8,11971.03,3,Churned,Airtime,,1
CUS00425,2024-06-22,SME,Mombasa,Agent,18-25,2024-07-10,2024-09-20,21,1270927.5,2,Churned,Mobile Transfer,,1
CUS00132,2024-08-17,SME,Nairobi,Mobile App,36-45,2024-09-03,2024-11-02,18,1065236.98,1,Dormant,Airtime,,1
CUS00595,2024-02-13,Mass Affluent,Kisumu,Agent,36-45,2024-02-15,2024-08-29,21,298331.41,4,Churned,Merchant Pay,,1
CUS01976,2024-10-12,Mass Market,Nakuru,Mobile App,36-45,2024-11-01,2024-11-25,4,10681.23,1,Dormant,Mobile Transfer,,1
CUS01531,2024-08-11,Mass Affluent,Kisumu,USSD,36-45,2024-08-20,2024-09-17,11,154793.14,1,Churned,Bill Pay,,1
CUS00623,2024-01-22,Mass Affluent,Nairobi,Mobile App,26-35,,2024-09-04,26,118300.04,4,Dormant,Airtime,,0
CUS01193,2024-01-17,Mass Market,Nairobi,Mobile App,36-45,2024-01-18,2024-12-05,9,15385.11,3,Active,Mobile Transfer,,1
CUS01178,2024-04-14,SME,Kisumu,USSD,36-45,,,0,0.0,0,Dormant,Bill Pay,,0
CUS01076,2024-07-04,Mass Affluent,Nairobi,Mobile App,55+,2024-07-25,2024-11-02,20,229851.47,2,Dormant,Bill Pay,,1
CUS01088,2024-09-03,Mass Market,Mombasa,Mobile App,55+,,,0,0.0,0,Dormant,Airtime,,0
CUS01866,2024-02-01,Mass Market,Nairobi,Agent,36-45,2024-02-04,2024-09-15,8,16055.69,3,Churned,Mobile Transfer,,1
CUS00228,2024-10-05,Mass Market,Nairobi,Mobile App,46-55,,,0,0.0,0,Dormant,Airtime,,0
CUS01353,2024-02-03,Mass Market,Nakuru,Mobile App,26-35,2024-02-12,2024-02-21,14,12326.3,4,Churned,Bill Pay,,1
CUS01125,2024-05-05,Mass Affluent,Nairobi,Branch,46-55,2024-05-17,2024-07-02,23,104397.84,3,Churned,Mobile Transfer,,1
CUS01340,2024-01-21,Mass Market,Nairobi,Mobile App,26-35,2024-01-29,2024-08-07,14,36730.69,4,Churned,Bill Pay,,1
CUS01747,2024-03-20,Mass Affluent,Eldoret,Mobile App,46-55,2024-03-22,2024-09-22,29,178071.36,4,Churned,Airtime,,1
CUS00067,2024-08-20,Corporate,Nairobi,USSD,55+,2024-09-04,2024-10-06,39,5991470.16,3,Dormant,Airtime,,1
CUS00025,2024-03-04,SME,Nairobi,Agent,46-55,,,0,0.0,0,Dormant,Airtime,,0
CUS01508,2024-04-10,Mass Market,Nairobi,Mobile App,36-45,2024-04-22,2024-06-13,8,0.0,2,Churned,Bill Pay,Review Required,1
CUS00145,2024-02-12,SME,Nakuru,Mobile App,Unknown,2024-02-26,2024-12-22,65,2899364.26,5,Active,Digital Loan,,1
CUS00537,2024-01-28,Mass Market,Nairobi,Mobile App,26-35,2024-02-06,2024-08-20,23,34894.9,4,Churned,Mobile Transfer,,1
CUS00812,2024-10-08,Mass Affluent,Nairobi,Mobile App,26-35,2024-10-21,2024-12-14,10,39535.52,1,Active,Mobile Transfer,,1
CUS00165,2024-09-20,Mass Affluent,Nakuru,Mobile App,26-35,2024-10-10,2024-10-18,12,170050.37,1,Dormant,Mobile Transfer,,1
CUS01507,2024-10-09,Mass Market,Nairobi,Agent,18-25,,,0,0.0,0,Dormant,Bill Pay,,0
CUS00725,2024-03-22,Mass Affluent,Mombasa,Mobile App,55+,2024-04-06,2024-11-01,25,232045.42,4,Dormant,Merchant Pay,,1
CUS00086,2024-03-25,Mass Market,Eldoret,Mobile App,36-45,2024-04-04,2024-09-01,7,16435.15,3,Churned,Merchant Pay,,1
CUS00291,2024-02-14,Mass Market,Kisumu,Branch,26-35,,,0,0.0,0,Dormant,Merchant Pay,,0
CUS01191,2024-02-09,Mass Market,Kisumu,Agent,18-25,,,0,0.0,0,Dormant,Digital Loan,,0
CUS01906,2024-07-11,Mass Affluent,Nairobi,USSD,26-35,2024-07-26,2024-10-26,23,0.0,2,Dormant,Bill Pay,Review Required,1
CUS01510,2024-07-30,Mass Affluent,Nairobi,Mobile App,46-55,2024-08-11,2024-08-21,24,215835.57,2,Churned,Bill Pay,,1
CUS01545,2024-01-27,Mass Market,Nairobi,Mobile App,36-45,2024-01-28,2024-03-22,6,6933.91,3,Churned,Airtime,,1
CUS01816,2024-03-21,SME,Nairobi,Mobile App,36-45,2024-03-26,2024-06-06,46,1672344.55,5,Churned,Airtime,,1
CUS01829,2024-09-07,Mass Market,Mombasa,Agent,36-45,2024-09-21,2024-10-14,5,10294.11,1,Dormant,Mobile Transfer,,1
CUS01381,2024-06-12,Mass Market,Nairobi,Agent,26-35,2024-07-02,2024-08-12,4,3097.65,2,Churned,Mobile Transfer,,1
CUS01909,2024-04-05,Mass Market,Nairobi,Branch,46-55,2024-04-07,2024-08-21,9,8045.86,2,Churned,Mobile Transfer,,1
CUS01152,2024-04-29,SME,Nairobi,Mobile App,46-55,2024-05-13,2024-10-25,32,628728.28,4,Dormant,Airtime,,1
CUS00363,2024-02-24,SME,Mombasa,Mobile App,26-35,2024-03-04,2024-11-26,60,2789232.73,5,Dormant,Mobile Transfer,,1
CUS01069,2024-06-04,Mass Market,Nairobi,Branch,55+,,,0,0.0,0,Dormant,Airtime,,0
CUS01621,2024-02-14,Mass Market,Nairobi,Mobile App,18-25,2024-02-24,2024-11-16,9,9930.25,3,Dormant,Merchant Pay,,1
CUS01487,2024-10-23,Mass Market,Mombasa,Agent,18-25,2024-11-05,2024-12-14,2,3945.08,1,Active,Airtime,,1
CUS01160,2024-07-09,Mass Market,Nairobi,Mobile App,18-25,2024-07-26,2024-08-07,2,4073.0,1,Churned,Digital Loan,,1
CUS00779,2024-07-29,Mass Market,Nairobi,Mobile App,26-35,2024-08-15,2024-10-25,11,16458.1,2,Dormant,Mobile Transfer,,1
CUS01027,2024-11-19,Mass Affluent,Nairobi,Agent,46-55,2024-12-06,2024-12-09,8,61833.29,1,Active,Mobile Transfer,,1
CUS00840,2024-05-18,SME,Nakuru,USSD,18-25,,,0,0.0,0,Dormant,Mobile Transfer,,0
CUS01031,2024-07-26,Mass Market,Kisumu,USSD,55+,,,0,0.0,0,Dormant,Mobile Transfer,,0
CUS01233,2024-07-26,Mass Market,Mombasa,Mobile App,36-45,,,0,0.0,0,Dormant,Bill Pay,,0
CUS00349,2024-01-03,Mass Market,Nairobi,Mobile App,26-35,,,0,0.0,0,Dormant,Mobile Transfer,,0
CUS01839,2024-02-21,Mass Market,Nairobi,USSD,36-45,2024-03-12,2024-07-26,11,22529.69,4,Churned,Merchant Pay,,1
CUS01957,2024-02-16,Mass Market,Nairobi,USSD,26-35,,,0,0.0,0,Dormant,Merchant Pay,,0
CUS01079,2024-09-19,Mass Affluent,Mombasa,Mobile App,36-45,,,0,0.0,0,Dormant,Mobile Transfer,,0
CUS00666,2024-02-09,Mass Market,Nairobi,Mobile App,26-35,2024-02-10,2024-11-02,7,11649.94,3,Dormant,Mobile Transfer,,1
CUS00572,2024-06-20,Mass Market,Nairobi,Agent,18-25,,,0,0.0,0,Dormant,Merchant Pay,,0
CUS00365,2024-01-30,Corporate,Nakuru,Mobile App,26-35,2024-02-14,2024-11-04,216,25051114.89,8,Dormant,Airtime,,1
CUS00078,2024-06-24,Mass Market,Nairobi,Mobile App,18-25,2024-07-02,2024-08-08,5,0.0,2,Churned,Mobile Transfer,Review Required,1
CUS00028,2024-11-17,Mass Affluent,Nairobi,Mobile App,26-35,2024-11-20,2024-12-06,9,79008.15,1,Active,Bill Pay,,1
CUS01445,2024-11-30,Corporate,Mombasa,Agent,36-45,2024-12-01,2024-12-18,24,2100158.2,1,Active,Bill Pay,,1
CUS00526,2024-07-20,Mass Market,Nairobi,Agent,26-35,,,0,0.0,0,Dormant,Airtime,,0
CUS00918,2024-05-04,Mass Market,Kisumu,Mobile App,18-25,2024-05-19,2024-09-24,10,0.0,3,Churned,Airtime,Review Required,1
CUS01918,2024-09-05,Mass Market,Mombasa,Agent,36-45,,,0,0.0,0,Dormant,Bill Pay,,0
CUS01132,2024-02-03,Mass Market,Mombasa,Mobile App,36-45,2024-02-06,2024-11-02,7,6389.0,3,Dormant,Bill Pay,,1
CUS00056,2024-02-02,Mass Market,Nakuru,Mobile App,26-35,,,0,0.0,0,Dormant,Mobile Transfer,,0
CUS00639,2024-01-02,Mass Market,Mombasa,Mobile App,26-35,2024-01-15,2024-05-07,20,17357.69,4,Churned,Mobile Transfer,,1
CUS01899,2024-10-07,Mass Market,Nairobi,USSD,55+,,,0,0.0,0,Dormant,Bill Pay,,0
CUS00303,2024-03-15,Mass Market,Nairobi,USSD,36-45,,,0,0.0,0,Dormant,Airtime,,0
CUS01478,2024-07-24,Corporate,Nairobi,USSD,36-45,2024-08-12,2024-09-20,35,3175507.11,3,Churned,Mobile Transfer,,1
CUS00719,2024-07-05,Mass Market,Nairobi,Mobile App,26-35,2024-07-13,2024-09-10,2,4652.04,1,Churned,Digital Loan,,1
CUS01601,2024-11-25,Mass Market,Nairobi,USSD,36-45,2024-12-02,2024-12-16,3,4079.69,1,Active,Airtime,,1
CUS00625,2024-11-22,Mass Affluent,Eldoret,Mobile App,26-35,2024-12-06,2024-12-19,9,74403.8,1,Active,Mobile Transfer,,1
CUS00008,2024-02-18,Mass Market,Nairobi,Mobile App,26-35,2024-02-25,2024-08-05,15,19423.23,3,Churned,Digital Loan,,1
CUS01408,2024-07-09,Mass Market,Nairobi,Agent,26-35,2024-07-10,2024-12-15,3,2441.84,1,Active,Bill Pay,,1
CUS00804,2024-03-02,Mass Affluent,Nairobi,Mobile App,46-55,2024-03-18,2024-06-15,61,566338.52,6,Churned,Mobile Transfer,,1
CUS01856,2024-09-20,Mass Affluent,Nakuru,Mobile App,26-35,2024-10-02,2024-11-05,10,49458.83,1,Dormant,Digital Loan,,1
CUS01050,2024-05-21,Mass Market,Mombasa,Mobile App,36-45,2024-05-30,2024-12-30,4,3426.32,2,Active,Airtime,,1
CUS00337,2024-09-21,Mass Market,Mombasa,Mobile App,36-45,2024-09-28,2024-12-01,4,2718.14,1,Active,Bill Pay,,1
CUS00137,2024-08-08,SME,Mombasa,Mobile App,26-35,2024-08-29,2024-10-31,36,0.0,2,Dormant,Airtime,Review Required,1
CUS00048,2024-02-22,SME,Kisumu,Mobile App,18-25,2024-03-10,2024-06-26,70,1672412.83,5,Churned,Mobile Transfer,,1
CUS00459,2024-10-01,Mass Market,Nairobi,USSD,46-55,,,0,0.0,0,Dormant,Merchant Pay,,0
CUS01489,2024-11-04,Mass Market,,Mobile App,Unknown,2024-11-06,2024-11-13,5,3869.61,1,Dormant,Bill Pay,,1
CUS00376,2024-08-14,Mass Market,Nairobi,Mobile App,46-55,2024-08-17,2024-12-09,3,2245.91,1,Active,Merchant Pay,,1
CUS01351,2024-03-10,Mass Affluent,Mombasa,Branch,26-35,2024-03-26,2024-11-08,20,102457.18,4,Dormant,Digital Loan,,1
CUS00334,2024-06-30,Mass Affluent,Nairobi,Mobile App,18-25,2024-07-04,2024-09-19,25,117347.6,2,Churned,Mobile Transfer,,1
CUS01315,2024-08-12,SME,Nakuru,USSD,55+,2024-09-01,2024-12-23,7,140932.59,1,Active,Airtime,,1
CUS01259,2024-07-15,Mass Affluent,Nakuru,USSD,46-55,,,0,0.0,0,Dormant,Mobile Transfer,,0
CUS01771,2024-11-22,Mass Market,Eldoret,Mobile App,46-55,,2024-12-22,4,7651.98,1,Dormant,Digital Loan,,0
CUS01467,2024-03-22,Mass Market,Mombasa,Agent,36-45,2024-04-10,2024-12-18,7,5276.38,3,Active,Airtime,,1
CUS00817,2024-08-06,Corporate,Nakuru,Mobile App,46-55,2024-08-27,2024-09-13,38,6235779.21,2,Churned,Digital Loan,,1
CUS00107,2024-02-01,SME,Kisumu,USSD,26-35,2024-02-05,2024-12-04,63,0.0,5,Active,Bill Pay,Review Required,1
CUS00350,2024-03-17,Mass Market,Mombasa,USSD,36-45,,,0,0.0,0,Dormant,Mobile Transfer,,0
CUS01080,2024-04-11,Mass Market,Nairobi,Agent,46-55,,,0,0.0,0,Dormant,Bill Pay,,0
CUS00239,2024-04-24,Mass Affluent,Nairobi,Mobile App,55+,,,0,0.0,0,Dormant,Mobile Transfer,,0
CUS00214,2024-06-08,Mass Affluent,Nairobi,Branch,26-35,,,0,0.0,0,Dormant,Bill Pay,,0
CUS01472,2024-08-18,Mass Affluent,Nakuru,Agent,36-45,2024-09-04,2024-11-01,7,98279.15,1,Dormant,Bill Pay,,1
CUS01246,2024-10-20,SME,Mombasa,Mobile App,26-35,,,0,0.0,0,Dormant,Bill Pay,,0
CUS00794,2024-06-01,Mass Market,Kisumu,USSD,26-35,,,0,0.0,0,Dormant,Digital Loan,,0
CUS01097,2024-11-15,Corporate,Kisumu,Agent,18-25,2024-12-03,2024-12-08,12,3077455.98,1,Active,Merchant Pay,,1
CUS01828,2024-07-18,Mass Market,Nairobi,Mobile App,36-45,2024-07-24,2024-10-17,4,3395.11,1,Dormant,Mobile Transfer,,1
CUS01592,2024-02-24,Mass Market,Nairobi,Mobile App,26-35,2024-03-03,2024-06-03,20,43467.62,4,Churned,Bill Pay,,1
CUS01682,2024-03-22,Mass Market,Nairobi,Mobile App,26-35,2024-04-06,2024-08-22,5,3192.37,2,Churned,Merchant Pay,,1
CUS00524,2024-09-10,Corporate,Nairobi,USSD,18-25,,,0,0.0,0,Dormant,Mobile Transfer,,0
CUS01122,2024-08-12,Mass Affluent,Mombasa,Mobile App,18-25,2024-08-23,2024-10-29,11,133454.04,1,Dormant,Airtime,,1
CUS00233,2024-02-16,Mass Affluent,Nairobi,Mobile App,18-25,2024-03-03,2024-11-19,44,142180.98,4,Dormant,Merchant Pay,,1
CUS01481,2024-01-29,Mass Affluent,Kisumu,Agent,26-35,2024-02-19,2024-11-22,36,510549.78,4,Dormant,Bill Pay,,1
CUS00645,2024-09-26,SME,Nairobi,USSD,26-35,2024-10-06,2024-12-03,9,154546.35,1,Active,Mobile Transfer,,1
CUS01868,2024-02-08,Mass Affluent,Nairobi,USSD,26-35,2024-02-26,2024-12-12,47,311688.27,5,Active,Airtime,,1
CUS01517,2024-11-24,Mass Market,Nairobi,Mobile App,36-45,2024-11-25,2024-12-19,3,5697.9,1,Active,Digital Loan,,1
CUS00983,2024-08-18,SME,Nairobi,USSD,26-35,,2024-09-23,17,694171.63,2,Dormant,Bill Pay,,0
CUS00534,2024-03-12,Mass Market,Kisumu,Mobile App,18-25,,,0,0.0,0,Dormant,Airtime,,0
CUS01518,2024-07-31,Mass Affluent,Kisumu,USSD,26-35,2024-08-03,2024-09-13,21,106805.46,2,Churned,Digital Loan,,1
CUS00604,2024-05-25,Mass Market,Mombasa,USSD,26-35,2024-05-31,2024-07-18,11,8002.5,3,Churned,Merchant Pay,,1
CUS01217,2024-07-01,Mass Market,Nairobi,USSD,26-35,,,0,0.0,0,Dormant,Bill Pay,,0
CUS01285,2024-07-23,Mass Affluent,Eldoret,Agent,46-55,2024-08-04,2024-09-22,26,187392.9,2,Churned,Bill Pay,,1
CUS01075,2024-08-23,Mass Market,Nairobi,USSD,46-55,,,0,0.0,0,Dormant,Mobile Transfer,,0
CUS00911,2024-01-06,Mass Affluent,Kisumu,USSD,26-35,2024-01-18,2024-03-19,25,254762.09,5,Churned,Airtime,,1
CUS01441,2024-03-08,SME,Nairobi,Mobile App,26-35,2024-03-20,2024-07-23,113,6376300.57,6,Churned,Merchant Pay,,1
CUS01942,2024-11-07,Mass Market,Mombasa,Mobile App,18-25,2024-11-17,2024-11-18,4,8756.96,1,Dormant,Mobile Transfer,,1
CUS00061,2024-09-11,Corporate,Nakuru,Mobile App,26-35,2024-09-30,2024-12-03,12,3648758.97,1,Active,Mobile Transfer,,1
CUS01133,2024-07-21,Mass Market,Nairobi,Mobile App,36-45,,,0,0.0,0,Dormant,Mobile Transfer,,0
CUS01272,2024-11-13,Mass Market,Nairobi,USSD,36-45,,,0,0.0,0,Dormant,Mobile Transfer,,0
CUS00329,2024-05-12,SME,Kisumu,Branch,26-35,,,0,0.0,0,Dormant,Bill Pay,,0
CUS00093,2024-10-12,Mass Market,Nairobi,Mobile App,36-45,2024-10-24,2024-12-26,5,12077.31,1,Active,Airtime,,1
CUS01042,2024-06-22,Mass Affluent,Kisumu,USSD,46-55,2024-07-13,2024-09-08,13,148288.37,2,,Mobile Transfer,,1
CUS00667,2024-11-03,Mass Affluent,Kisumu,Mobile App,26-35,2024-11-19,2024-11-23,11,48285.78,1,Dormant,Bill Pay,,1
CUS00319,2024-04-09,Mass Market,Kisumu,Mobile App,46-55,2024-04-14,2024-07-05,16,38350.99,3,Churned,Mobile Transfer,,1
CUS00281,2024-11-25,Mass Market,Nairobi,Mobile App,46-55,,,0,0.0,0,Dormant,Merchant Pay,,0
CUS01539,2024-04-28,Mass Market,Nairobi,Agent,36-45,,,0,0.0,0,Dormant,Mobile Transfer,,0
CUS01121,2024-04-11,Mass Market,Nakuru,Mobile App,46-55,2024-04-29,2024-11-01,9,23755.77,2,Dormant,Bill Pay,,1
CUS01367,2024-06-14,Mass Market,Nakuru,Mobile App,26-35,2024-06-30,2024-08-01,10,25155.65,2,Churned,Mobile Transfer,,1
CUS00360,2024-09-28,Mass Market,Eldoret,Agent,36-45,2024-10-04,2024-12-26,4,3892.79,1,Active,Digital Loan,,1
CUS01743,2024-05-16,Mass Affluent,Nairobi,Mobile App,18-25,2024-06-02,2024-07-19,34,352610.95,4,Churned,Mobile Transfer,,1
CUS01651,2024-08-11,Mass Market,Mombasa,Agent,26-35,2024-08-25,2024-12-28,4,5817.47,1,Active,Bill Pay,,1
CUS01177,2024-01-23,Mass Affluent,Kisumu,Mobile App,26-35,2024-01-26,2024-08-23,49,217599.48,5,Churned,Merchant Pay,,1
CUS00848,2024-09-14,Mass Market,Eldoret,USSD,26-35,,,0,0.0,0,Dormant,Mobile Transfer,,0
CUS01386,2024-07-25,Mass Market,Kisumu,Mobile App,36-45,2024-08-14,2024-11-12,5,13171.94,1,Dormant,Mobile Transfer,,1
CUS00168,2024-08-21,SME,Nairobi,USSD,18-25,2024-08-29,2024-08-29,9,293143.09,1,Churned,Digital Loan,,1
CUS00111,2024-08-16,Mass Market,Nairobi,Mobile App,26-35,2024-08-18,2024-11-11,3,3314.38,1,Dormant,Mobile Transfer,,1
CUS00013,2024-04-19,Mass Market,Nairobi,Branch,36-45,,,0,0.0,0,Dormant,Bill Pay,,0
CUS01939,2024-02-06,Mass Market,Kisumu,Mobile App,18-25,,,0,0.0,0,Dormant,Bill Pay,,0
CUS00043,2024-03-01,Mass Affluent,Nairobi,USSD,26-35,,,0,0.0,0,Dormant,Mobile Transfer,,0
CUS00172,2024-07-23,Mass Market,Nairobi,Agent,26-35,2024-07-30,2024-10-09,3,4544.13,1,Dormant,Mobile Transfer,,1
CUS00126,2024-05-06,Mass Market,Mombasa,Agent,26-35,2024-05-24,2024-08-22,8,0.0,2,Churned,Bill Pay,Review Required,1
CUS00650,2024-05-15,Mass Market,Mombasa,USSD,26-35,2024-05-23,2024-07-22,11,24740.36,2,Churned,Bill Pay,,1
CUS01068,2024-01-05,SME,Nakuru,Mobile App,55+,2024-01-10,2024-06-07,63,2174194.75,8,Churned,Mobile Transfer,,1
CUS00205,2024-11-04,Mass Affluent,Nakuru,USSD,46-55,2024-11-21,2024-12-23,10,79975.24,1,Active,Digital Loan,,1
CUS00053,2024-07-09,Mass Affluent,Mombasa,Branch,26-35,,,0,0.0,0,Dormant,Airtime,,0
CUS00546,2024-02-13,SME,Kisumu,USSD,55+,2024-02-29,2024-11-09,81,1696708.96,6,Dormant,Bill Pay,,1
CUS00069,2024-06-02,SME,Nakuru,Mobile App,26-35,,,0,0.0,0,Dormant,Bill Pay,,0
CUS00261,2024-11-05,Corporate,Nairobi,Branch,36-45,2024-11-17,2024-12-30,27,4266853.94,1,Active,Digital Loan,,1
CUS01221,2024-07-05,Mass Affluent,Kisumu,Agent,18-25,,,0,0.0,0,Dormant,Airtime,,0
CUS01418,2024-04-27,Mass Affluent,Mombasa,USSD,18-25,,,0,0.0,0,Dormant,Mobile Transfer,,0
CUS01660,2024-02-16,Mass Market,Eldoret,Agent,46-55,,,0,0.0,0,Dormant,Airtime,,0
CUS00902,2024-06-02,Mass Market,Mombasa,Agent,26-35,2024-06-12,2024-12-28,8,15160.61,2,Active,Digital Loan,,1
CUS01557,2024-01-08,Mass Market,Nairobi,USSD,26-35,2024-01-27,2024-11-28,16,13204.96,3,Dormant,Bill Pay,,1
CUS00184,2024-02-26,Mass Market,Nakuru,Mobile App,26-35,2024-03-16,2024-06-14,4,8369.92,2,Churned,Airtime,,1
CUS00673,2024-11-14,Mass Market,Nakuru,Mobile App,46-55,2024-11-25,2024-12-01,2,2854.22,1,Active,Merchant Pay,,1
CUS00138,2024-10-08,Mass Market,Nairobi,Branch,36-45,2024-10-18,2024-12-30,3,0.0,1,Active,Merchant Pay,Review Required,1
CUS00900,2024-02-20,Mass Affluent,Mombasa,USSD,36-45,,,0,0.0,0,Dormant,Mobile Transfer,,0
CUS00259,2024-05-12,Mass Affluent,Eldoret,USSD,26-35,2024-05-14,2024-07-29,19,106154.85,2,Churned,Bill Pay,,1
CUS00797,2024-05-13,Mass Affluent,Mombasa,USSD,46-55,2024-05-22,2024-10-19,16,140349.2,3,Dormant,Bill Pay,,1
CUS00845,2024-10-21,Mass Market,Nairobi,Agent,26-35,,,0,0.0,0,Dormant,Mobile Transfer,,0
CUS00868,2024-01-01,Corporate,Nakuru,Mobile App,36-45,2024-01-07,2024-05-11,86,20813402.43,7,Churned,Merchant Pay,,1
CUS01883,2024-04-18,Mass Market,Nairobi,Mobile App,26-35,2024-04-28,2024-07-31,5,10434.42,2,Churned,Mobile Transfer,,1
CUS00139,2024-05-22,Mass Affluent,Mombasa,Agent,36-45,2024-05-30,2024-12-31,38,259437.76,3,Active,Digital Loan,,1
CUS00894,2024-11-16,Mass Market,Nairobi,USSD,18-25,2024-11-28,2024-12-18,2,2781.91,1,Active,Merchant Pay,,1
CUS01849,2024-09-24,Mass Market,Eldoret,Mobile App,26-35,2024-10-07,2024-10-19,5,7668.98,1,Dormant,Airtime,,1
CUS00550,2024-11-02,Mass Market,Nairobi,Mobile App,36-45,2024-11-03,2024-11-17,2,2209.89,1,Dormant,Airtime,,1
CUS00320,2024-04-18,SME,Nairobi,Mobile App,26-35,2024-04-30,2024-09-04,51,3168845.58,5,Churned,Merchant Pay,,1
CUS01800,2024-11-24,Mass Market,Mombasa,USSD,36-45,2024-11-28,2024-12-23,4,2595.04,1,Active,Bill Pay,,1
CUS01291,2024-03-17,Mass Market,Kisumu,Mobile App,26-35,,,0,0.0,0,Dormant,Mobile Transfer,,0
CUS01573,2024-08-29,Mass Market,Mombasa,Branch,26-35,,,0,0.0,0,Dormant,Merchant Pay,,0
CUS00133,2024-07-24,SME,Kisumu,Mobile App,26-35,2024-08-14,2024-09-09,59,1193945.2,3,Churned,Mobile Transfer,,1
CUS00559,2024-01-02,Mass Market,Nakuru,Mobile App,18-25,2024-01-06,2024-02-26,8,19606.82,3,Churned,Airtime,,1
CUS00140,2024-07-31,SME,Kisumu,Mobile App,26-35,2024-08-08,2024-08-10,29,1011981.57,3,Churned,Digital Loan,,1
CUS00081,2024-11-07,Mass Market,Kisumu,Mobile App,26-35,2024-11-23,2024-12-06,5,3596.96,1,Active,Airtime,,1
CUS01745,2024-11-12,Mass Market,Kisumu,Branch,Unknown,,,0,0.0,0,Dormant,Airtime,,0
CUS01492,2024-05-07,Mass Market,Nairobi,Mobile App,26-35,2024-05-09,2024-11-20,11,25662.54,2,Dormant,Bill Pay,,1
CUS01550,2024-09-24,Mass Market,Nakuru,Agent,55+,2024-10-12,2024-10-28,3,2643.36,1,Dormant,Airtime,,1
CUS00542,2024-05-10,Mass Affluent,Nairobi,Mobile App,18-25,,,0,0.0,0,Dormant,Airtime,,0
CUS00532,2024-04-11,Mass Market,Nairobi,USSD,36-45,,,0,0.0,0,Dormant,Merchant Pay,,0
CUS00225,2024-09-27,SME,Mombasa,Mobile App,36-45,2024-10-07,2024-11-21,23,529979.78,2,Dormant,Merchant Pay,,1
CUS01605,2024-01-24,Mass Market,Kisumu,USSD,18-25,2024-02-06,2024-05-26,16,36409.27,3,Churned,Mobile Transfer,,1
CUS00724,2024-01-13,Mass Market,Nakuru,USSD,26-35,2024-01-16,2024-08-15,22,39040.74,4,Churned,Bill Pay,,1
CUS00787,2024-10-08,SME,Nairobi,Mobile App,36-45,2024-10-13,2024-12-16,17,775351.75,1,Active,Mobile Transfer,,1
CUS00984,2024-06-09,Corporate,Nakuru,Agent,46-55,,,0,0.0,0,Dormant,Bill Pay,,0
CUS01728,2024-10-10,Mass Affluent,Kisumu,Agent,46-55,,,0,0.0,0,Dormant,Mobile Transfer,,0
CUS00166,2024-11-12,SME,Nairobi,Mobile App,36-45,2024-11-25,2024-12-20,15,513918.79,1,Active,Airtime,,1
CUS00249,2024-07-24,Mass Market,Mombasa,USSD,26-35,,,0,0.0,0,Dormant,Digital Loan,,0
CUS00447,2024-02-23,Mass Market,Nakuru,Mobile App,55+,2024-03-02,2024-11-09,13,23131.84,3,Dormant,Mobile Transfer,,1
CUS01670,2024-01-03,Corporate,Eldoret,Mobile App,26-35,2024-01-05,2024-02-04,286,64358693.88,9,Churned,Mobile Transfer,,1
CUS00410,2024-07-06,Mass Market,Nairobi,Mobile App,36-45,2024-07-13,2024-10-23,4,6010.81,1,Dormant,Mobile Transfer,,1
CUS00326,2024-05-03,Mass Market,Nairobi,Mobile App,36-45,2024-05-04,2024-06-25,7,7601.3,2,Churned,Mobile Transfer,,1
CUS01305,2024-11-28,SME,Mombasa,Mobile App,46-55,,,0,0.0,0,Dormant,Digital Loan,,0
CUS00859,2024-08-09,Mass Market,Mombasa,Mobile App,26-35,2024-08-16,2024-12-10,5,10447.14,1,Active,Mobile Transfer,,1
CUS01106,2024-03-09,Mass Market,Nakuru,USSD,26-35,,,0,0.0,0,Dormant,Mobile Transfer,,0
CUS01631,2024-05-30,SME,Mombasa,Mobile App,46-55,,,0,0.0,0,Dormant,Bill Pay,,0
CUS00300,2024-03-18,Mass Affluent,Mombasa,USSD,18-25,2024-03-25,2024-04-18,20,92899.2,4,Churned,Bill Pay,,1
CUS00098,2024-10-31,Mass Affluent,Mombasa,Agent,55+,2024-11-15,2024-11-30,5,35976.22,1,Dormant,Merchant Pay,,1
CUS01986,2024-11-02,Mass Market,Nairobi,USSD,26-35,2024-11-10,2024-12-30,4,7458.45,1,Active,Mobile Transfer,,1
CUS01271,2024-02-14,Mass Market,Nairobi,Mobile App,18-25,,,0,0.0,0,Dormant,Mobile Transfer,,0
CUS00738,2024-01-01,Mass Affluent,Nairobi,USSD,26-35,2024-01-05,2024-11-15,63,889902.28,5,Dormant,Mobile Transfer,,1
CUS01710,2024-09-13,Corporate,Mombasa,Agent,55+,2024-09-19,2024-09-27,32,2640074.05,1,Churned,Airtime,,1
CUS01264,2024-01-23,Corporate,Nairobi,Mobile App,26-35,2024-01-24,2024-03-29,233,48763423.78,8,Churned,Airtime,,1
CUS00026,2024-04-24,Mass Market,Nairobi,Mobile App,36-45,2024-04-28,2024-06-29,4,8442.55,2,Churned,Mobile Transfer,,1
CUS00103,2024-02-17,SME,Nairobi,Agent,26-35,2024-02-18,2024-06-30,79,3965695.85,4,Churned,Merchant Pay,,1
CUS01870,2024-08-03,Mass Market,Nairobi,Mobile App,26-35,2024-08-18,2024-09-07,7,10684.83,2,Churned,Merchant Pay,,1
CUS00435,2024-08-22,Mass Market,Nairobi,USSD,26-35,,,0,0.0,0,Dormant,Mobile Transfer,,0
CUS00715,2024-11-19,Mass Market,Mombasa,Agent,26-35,2024-11-21,2024-12-04,2,3310.09,1,Active,Bill Pay,,1
CUS00075,2024-06-02,Mass Affluent,Nairobi,USSD,26-35,2024-06-17,2024-06-22,51,383157.21,4,Churned,Bill Pay,,1
CUS01680,2024-05-13,Mass Affluent,Nairobi,USSD,18-25,2024-05-30,2024-11-29,15,153988.06,3,Dormant,Bill Pay,,1
CUS01803,2024-04-02,Mass Affluent,Mombasa,Mobile App,26-35,2024-04-16,2024-09-29,47,332642.53,5,Churned,Digital Loan,,1
CUS00194,2024-07-05,Mass Market,Nairobi,Branch,36-45,2024-07-20,2024-12-27,5,6697.19,1,Active,Mobile Transfer,,1
CUS01209,2024-05-18,Mass Market,Nairobi,USSD,36-45,2024-06-02,2024-10-17,11,24277.8,2,Dormant,Bill Pay,,1
CUS00441,2024-11-15,Mass Market,Mombasa,Mobile App,18-25,2024-12-01,2024-12-27,4,3533.51,1,Active,Mobile Transfer,,1
CUS00919,2024-08-31,Mass Market,Nairobi,Agent,46-55,2024-09-20,2024-11-04,4,9757.82,1,Dormant,Bill Pay,,1
CUS00574,2024-02-12,Mass Market,Mombasa,Mobile App,18-25,2024-02-20,2024-04-13,20,34344.69,4,Churned,Bill Pay,,1
CUS01722,2024-06-27,Mass Market,Mombasa,Agent,26-35,2024-07-11,2024-11-10,7,11322.79,2,Dormant,Bill Pay,,1
CUS00947,2024-01-04,Mass Market,Nairobi,Agent,26-35,,,0,0.0,0,Dormant,Mobile Transfer,,0
CUS01681,2024-10-22,Mass Market,Nairobi,Mobile App,26-35,,,0,0.0,0,Dormant,Mobile Transfer,,0
CUS01630,2024-04-14,Mass Affluent,Nakuru,Mobile App,26-35,2024-04-18,2024-10-14,37,156401.06,3,Dormant,Bill Pay,,1
CUS00763,2024-05-07,Mass Affluent,Nakuru,Mobile App,36-45,,,0,0.0,0,Dormant,Digital Loan,,0
CUS00990,2024-04-04,Mass Market,Nairobi,Mobile App,26-35,2024-04-17,2024-11-02,10,14310.12,3,Dormant,Mobile Transfer,,1
CUS00389,2024-05-06,Corporate,Nairobi,USSD,26-35,2024-05-20,2024-08-25,88,11847234.39,5,Churned,Mobile Transfer,,1
CUS00236,2024-07-06,Mass Affluent,Mombasa,USSD,18-25,2024-07-07,2024-08-26,19,134876.21,2,Churned,Bill Pay,,1
CUS01988,2024-03-23,SME,Nairobi,Branch,55+,2024-04-04,2024-08-27,66,2759250.49,4,Churned,Merchant Pay,,1
CUS00268,2024-02-22,Mass Market,Mombasa,Mobile App,36-45,,,0,0.0,0,Dormant,Airtime,,0
CUS01811,2024-02-20,Mass Affluent,Nairobi,Mobile App,55+,2024-03-04,2024-12-03,67,549553.6,6,Active,Bill Pay,,1
CUS00118,2024-03-27,Mass Market,Nairobi,USSD,26-35,2024-03-29,2024-08-15,9,10423.09,2,Churned,Bill Pay,,1
CUS01616,2024-04-14,Mass Market,Nairobi,Mobile App,26-35,2024-05-02,2024-06-27,5,4526.92,2,Churned,Mobile Transfer,,1
CUS00674,2024-10-17,Mass Market,Mombasa,USSD,55+,,,0,0.0,0,Dormant,Airtime,,0
CUS00998,2024-06-18,Mass Affluent,Nairobi,Mobile App,36-45,2024-06-22,2024-09-14,17,159290.83,3,Churned,Bill Pay,,1
CUS00250,2024-04-26,Mass Market,Nairobi,USSD,36-45,2024-04-30,2024-06-27,9,0.0,2,Churned,Bill Pay,Review Required,1
CUS00504,2024-08-16,SME,Mombasa,Mobile App,36-45,2024-08-24,2024-11-29,39,2263636.56,2,Dormant,Mobile Transfer,,1
CUS01462,2024-03-09,Mass Market,Mombasa,USSD,26-35,2024-03-27,2024-09-12,11,17962.09,2,Churned,Merchant Pay,,1
CUS00606,2024-11-25,Mass Market,Nairobi,Mobile App,18-25,2024-12-03,2024-12-30,2,3766.8,1,Active,Mobile Transfer,,1
CUS01180,2024-01-20,SME,Nairobi,Mobile App,46-55,2024-01-30,2024-06-14,54,3349971.3,6,Churned,Bill Pay,,1
CUS00095,2024-06-09,Mass Market,Nairobi,Branch,55+,2024-06-28,2024-10-01,6,5659.95,2,Churned,Mobile Transfer,,1
CUS01171,2024-06-28,Mass Market,Mombasa,Mobile App,26-35,2024-06-30,2024-10-21,5,10607.84,2,Dormant,Airtime,,1
CUS00034,2024-01-26,Mass Market,Nairobi,Mobile App,36-45,2024-01-30,2024-08-30,13,24990.99,3,Churned,Bill Pay,,1
CUS01473,2024-02-19,SME,Nairobi,Mobile App,46-55,,,0,0.0,0,Dormant,Airtime,,0
CUS01798,2024-04-27,Mass Affluent,Nairobi,Mobile App,36-45,2024-05-02,2024-08-19,28,351191.86,4,Churned,Bill Pay,,1
CUS01678,2024-06-26,Mass Market,Mombasa,Branch,26-35,,,0,0.0,0,Dormant,Bill Pay,,0
CUS00449,2024-05-15,Mass Market,Nairobi,Mobile App,26-35,,,0,0.0,0,Dormant,Mobile Transfer,,0
CUS00717,2024-05-23,SME,Nairobi,Branch,55+,2024-06-12,2024-08-06,61,1552770.29,4,Churned,Digital Loan,,1
CUS00847,2024-03-05,Mass Market,Mombasa,Mobile App,36-45,2024-03-20,2024-10-26,6,4752.46,3,Dormant,Bill Pay,,1
CUS01273,2024-03-23,Mass Market,Kisumu,Mobile App,26-35,2024-03-29,2024-05-19,10,9871.69,2,Churned,Mobile Transfer,,1
CUS00004,2024-11-29,Mass Affluent,Kisumu,Agent,26-35,2024-12-10,2024-12-26,10,70226.88,1,Active,Bill Pay,,1
CUS01527,2024-09-01,Mass Affluent,Eldoret,Mobile App,36-45,2024-09-20,2024-09-22,6,73996.04,1,Churned,Mobile Transfer,,1
CUS01991,2024-10-15,Mass Market,Kisumu,Mobile App,26-35,2024-11-05,2024-12-10,4,5234.06,1,Active,Airtime,,1
CUS00001,2024-06-14,Mass Market,Mombasa,Agent,18-25,2024-07-05,2024-09-27,4,8133.74,1,Churned,Digital Loan,,1
CUS01230,2024-08-04,Mass Market,Mombasa,USSD,18-25,,,0,0.0,0,Dormant,Mobile Transfer,,0
CUS01384,2024-04-11,Mass Market,Nairobi,Mobile App,26-35,2024-04-28,2024-07-20,8,12293.91,2,Churned,Mobile Transfer,,1
CUS01102,2024-09-12,Mass Market,Mombasa,Mobile App,46-55,2024-09-20,2024-12-26,3,2803.71,1,Active,Mobile Transfer,,1
CUS00468,2024-08-05,Mass Market,Nairobi,USSD,46-55,,2024-11-11,3,3663.76,1,Dormant,Mobile Transfer,,0
CUS01109,2024-11-13,Mass Market,Kisumu,USSD,18-25,2024-11-29,2024-12-23,5,13349.29,1,Active,Merchant Pay,,1
CUS00322,2024-05-08,Mass Affluent,Nairobi,USSD,18-25,2024-05-09,2024-12-16,20,0.0,2,Active,Mobile Transfer,Review Required,1
CUS01234,2024-10-22,Mass Market,Eldoret,Mobile App,18-25,2024-10-25,2024-12-21,3,3444.97,1,Active,Airtime,,1
CUS00083,2024-03-01,Mass Market,Eldoret,Mobile App,36-45,,,0,0.0,0,Dormant,Airtime,,0
CUS01369,2024-05-20,Mass Market,Nairobi,Mobile App,18-25,2024-06-05,2024-12-06,4,5739.86,2,Active,Mobile Transfer,,1
CUS00677,2024-09-03,Mass Market,Eldoret,Mobile App,26-35,2024-09-17,2024-11-10,2,4412.84,1,Dormant,Bill Pay,,1
CUS00006,2024-02-07,Mass Market,Nairobi,Mobile App,55+,,,0,0.0,0,Dormant,Mobile Transfer,,0
CUS01047,2024-01-23,Mass Market,Nairobi,Agent,26-35,,,0,0.0,0,Dormant,Mobile Transfer,,0
CUS00223,2024-01-12,Mass Affluent,Nairobi,Mobile App,26-35,2024-01-13,2024-07-19,32,154417.19,4,Churned,Mobile Transfer,,1
CUS00771,2024-01-15,Mass Affluent,Nairobi,USSD,36-45,,,0,0.0,0,Dormant,Mobile Transfer,,0
CUS01776,2024-08-25,Mass Market,Mombasa,Agent,36-45,,,0,0.0,0,Dormant,Merchant Pay,,0
CUS01223,2024-04-10,Mass Affluent,Nakuru,Branch,26-35,,,0,0.0,0,Dormant,Mobile Transfer,,0
CUS01289,2024-07-02,Mass Market,Nairobi,Mobile App,26-35,2024-07-15,2024-10-14,10,21668.21,2,Dormant,Bill Pay,,1
CUS00548,2024-09-16,Mass Market,Nairobi,USSD,26-35,2024-09-24,2024-10-06,4,2721.64,1,Dormant,Merchant Pay,,1
CUS01741,2024-09-16,Mass Affluent,Nairobi,USSD,36-45,,,0,0.0,0,Dormant,Merchant Pay,,0
CUS00229,2024-01-14,Mass Affluent,Nairobi,USSD,36-45,,,0,0.0,0,Dormant,Digital Loan,,0
CUS01498,2024-01-13,SME,Nairobi,USSD,26-35,2024-02-02,2024-11-30,93,1703702.21,5,Dormant,Bill Pay,,1
CUS00405,2024-04-18,Corporate,Nairobi,Mobile App,26-35,2024-05-03,2024-07-23,80,17494251.2,5,Churned,Merchant Pay,,1
CUS01738,2024-08-24,Mass Market,Mombasa,Mobile App,46-55,2024-08-31,2024-12-10,2,5355.06,1,Active,Mobile Transfer,,1
CUS01615,2024-04-15,Mass Affluent,Eldoret,Agent,46-55,,,0,0.0,0,Dormant,Airtime,,0
CUS01360,2024-03-25,Mass Market,Nairobi,Mobile App,26-35,2024-03-30,2024-09-03,12,8879.45,3,Churned,Mobile Transfer,,1
CUS01902,2024-08-28,SME,Nakuru,Agent,26-35,2024-09-03,2024-12-04,15,595427.79,1,Active,Mobile Transfer,,1
CUS01094,2024-02-23,Mass Affluent,Nairobi,Agent,18-25,,,0,0.0,0,Dormant,Bill Pay,,0
CUS01156,2024-11-03,Mass Affluent,Nairobi,Agent,36-45,,,0,0.0,0,Dormant,Bill Pay,,0
CUS01789,2024-11-05,Mass Affluent,Nairobi,Mobile App,36-45,2024-11-08,2024-12-31,13,62022.83,1,Active,Bill Pay,,1
CUS01971,2024-08-02,Corporate,Eldoret,Branch,36-45,2024-08-23,2024-11-16,36,6854207.64,3,Dormant,Merchant Pay,,1
CUS00500,2024-06-05,Mass Market,Nairobi,Branch,46-55,,,0,0.0,0,Dormant,Bill Pay,,0
CUS00339,2024-09-13,Mass Market,Mombasa,USSD,36-45,2024-09-17,2024-11-10,3,2655.6,1,Dormant,Mobile Transfer,,1
CUS01189,2024-11-13,Mass Market,Mombasa,Agent,36-45,,,0,0.0,0,Dormant,Merchant Pay,,0
CUS00029,2024-10-25,Mass Affluent,Kisumu,Mobile App,46-55,,,0,0.0,0,Dormant,Bill Pay,,0
CUS01218,2024-07-31,SME,Mombasa,Mobile App,36-45,2024-08-12,2024-10-29,17,296574.77,2,Dormant,Merchant Pay,,1
CUS01334,2024-07-06,Mass Market,Nairobi,Mobile App,18-25,,,0,0.0,0,Dormant,Mobile Transfer,,0
CUS01832,2024-05-08,SME,Mombasa,USSD,36-45,2024-05-13,2024-05-19,46,2887294.62,3,Churned,Digital Loan,,1
CUS00946,2024-04-11,Mass Affluent,Eldoret,Mobile App,36-45,2024-04-30,2024-06-14,47,400960.42,4,Churned,Mobile Transfer,,1
CUS00170,2024-07-19,Mass Market,Nairobi,Agent,26-35,2024-08-06,2024-10-30,3,7290.35,1,Dormant,Bill Pay,,1
CUS01413,2024-03-15,Mass Market,Mombasa,Mobile App,36-45,,,0,0.0,0,Dormant,Mobile Transfer,,0
CUS01198,2024-07-27,Mass Affluent,Kisumu,USSD,36-45,2024-08-07,2024-08-18,13,54229.76,2,Churned,Bill Pay,,1
CUS01254,2024-03-23,Mass Affluent,Kisumu,Branch,36-45,2024-03-24,2024-04-01,18,117134.09,4,Churned,Airtime,,1
CUS01407,2024-07-20,Mass Market,Mombasa,Mobile App,26-35,2024-08-06,2024-09-16,3,3373.47,1,Churned,Bill Pay,,1
CUS00913,2024-06-03,SME,Nairobi,Mobile App,18-25,2024-06-18,2024-06-19,82,3370190.33,4,Churned,Mobile Transfer,,1
CUS00492,2024-02-26,Mass Market,Nairobi,Agent,26-35,,,0,0.0,0,Dormant,Bill Pay,,0
CUS00954,2024-06-08,SME,Nairobi,Branch,18-25,2024-06-18,2024-07-24,47,2807735.74,3,Churned,Airtime,,1
CUS01098,2024-02-13,SME,Kisumu,Branch,46-55,,,0,0.0,0,Dormant,Merchant Pay,,0
CUS01033,2024-07-11,SME,Eldoret,Mobile App,55+,,,0,0.0,0,Dormant,Airtime,,0
CUS00588,2024-01-22,SME,Nairobi,Agent,18-25,,,0,0.0,0,Dormant,Mobile Transfer,,0
CUS00751,2024-10-28,Mass Market,Nairobi,Mobile App,36-45,,,0,0.0,0,Dormant,Bill Pay,,0
CUS00658,2024-02-09,Mass Market,Eldoret,Mobile App,36-45,2024-02-17,2024-09-26,15,23864.57,3,Churned,Mobile Transfer,,1
CUS00235,2024-09-22,SME,Nairobi,USSD,36-45,2024-09-23,2024-10-14,18,1049327.44,1,Dormant,Airtime,,1
CUS00733,2024-06-25,Mass Market,Kisumu,Mobile App,36-45,2024-07-11,2024-10-21,9,22792.32,2,Dormant,Bill Pay,,1
CUS01860,2024-11-22,SME,Nairobi,USSD,46-55,2024-11-24,2024-12-16,8,501691.73,1,Active,Airtime,,1
CUS01642,2024-06-13,Mass Affluent,Nairobi,Mobile App,26-35,2024-06-24,2024-11-05,22,106796.06,2,Dormant,Bill Pay,,1
CUS01157,2024-10-25,Mass Affluent,Nairobi,USSD,18-25,2024-11-15,2024-12-15,9,88809.65,1,Active,Airtime,,1
CUS01934,2024-11-20,Mass Market,Kisumu,Branch,26-35,,,0,0.0,0,Dormant,Bill Pay,,0
CUS01433,2024-05-28,Mass Market,,Agent,26-35,,,0,0.0,0,Dormant,Bill Pay,,0
CUS01750,2024-11-04,Mass Market,Kisumu,USSD,26-35,2024-11-18,2024-11-18,4,10019.46,1,Dormant,Bill Pay,,1
CUS00935,2024-05-11,Mass Market,Nairobi,Mobile App,18-25,2024-05-18,2024-10-17,11,21162.7,2,Dormant,Mobile Transfer,,1
CUS01210,2024-07-28,Mass Affluent,Kisumu,Mobile App,26-35,2024-08-18,2024-09-11,11,66662.96,2,Churned,Bill Pay,,1
CUS01066,2024-09-11,Mass Market,Nakuru,Mobile App,36-45,2024-09-13,2024-09-16,3,4632.4,1,Churned,Bill Pay,,1
CUS00109,2024-11-27,Mass Market,Kisumu,Mobile App,36-45,,,0,0.0,0,Dormant,Airtime,,0
CUS01552,2024-05-31,Mass Market,Eldoret,USSD,26-35,2024-06-20,2024-10-05,11,13759.76,2,Dormant,Mobile Transfer,,1
CUS00569,2024-07-01,Mass Market,Nairobi,USSD,26-35,2024-07-14,2024-12-28,3,0.0,1,Active,Digital Loan,Review Required,1
CUS01168,2024-11-22,Mass Market,Nairobi,Branch,26-35,2024-12-01,2024-12-15,5,12483.54,1,Active,Mobile Transfer,,1
CUS01175,2024-06-23,Mass Market,Kisumu,Mobile App,46-55,2024-07-13,2024-10-05,5,10561.27,2,Dormant,Merchant Pay,,1
CUS00891,2024-11-26,Mass Market,Mombasa,USSD,26-35,2024-12-07,2024-12-12,4,3357.07,1,Active,Bill Pay,,1
CUS00948,2024-05-29,Mass Market,Nairobi,Branch,26-35,,,0,0.0,0,Dormant,Mobile Transfer,,0
CUS01049,2024-06-11,Mass Market,Nairobi,USSD,18-25,2024-06-26,2024-09-28,4,8902.08,1,Churned,Bill Pay,,1
CUS01361,2024-04-23,Mass Market,Kisumu,USSD,36-45,2024-05-14,2024-07-04,7,0.0,2,Churned,Airtime,Review Required,1
CUS01380,2024-05-01,Mass Affluent,Mombasa,USSD,36-45,2024-05-14,2024-08-25,24,151924.47,4,Churned,Mobile Transfer,,1
CUS01455,2024-07-01,Mass Affluent,Nairobi,USSD,36-45,,,0,0.0,0,Dormant,Airtime,,0
CUS00885,2024-01-21,Mass Market,Nairobi,Branch,46-55,2024-02-04,2024-07-31,11,27831.6,3,Churned,Mobile Transfer,,1
CUS01683,2024-05-25,Mass Affluent,Mombasa,Mobile App,26-35,2024-06-02,2024-10-04,35,303011.34,4,Dormant,Merchant Pay,,1
CUS00851,2024-04-20,Mass Market,Nairobi,Branch,26-35,,,0,0.0,0,Dormant,Bill Pay,,0
CUS00735,2024-06-10,Mass Market,Kisumu,Mobile App,36-45,2024-06-16,2024-12-08,9,19292.46,2,Active,Digital Loan,,1
CUS00718,2024-02-27,Mass Market,Nairobi,Mobile App,55+,2024-03-13,2024-06-05,10,22856.4,2,Churned,Merchant Pay,,1
CUS00455,2024-08-04,SME,Mombasa,Mobile App,36-45,2024-08-17,2024-09-08,31,877748.09,2,Churned,Merchant Pay,,1
CUS00265,2024-07-05,Mass Market,Eldoret,Agent,36-45,2024-07-13,2024-12-08,2,3076.43,1,Active,Mobile Transfer,,1
CUS00076,2024-09-25,Mass Market,Nairobi,USSD,18-25,2024-10-10,2024-10-24,3,3273.46,1,Dormant,Merchant Pay,,1
CUS01668,2024-05-27,Mass Market,Mombasa,USSD,36-45,2024-05-29,2024-10-28,11,19989.56,2,Dormant,Merchant Pay,,1
CUS00445,2024-02-27,SME,Mombasa,Agent,18-25,,,0,0.0,0,Dormant,Mobile Transfer,,0
CUS00396,2024-08-01,SME,Mombasa,USSD,55+,2024-08-09,2024-12-03,33,1610969.27,3,Active,Airtime,,1
CUS00177,2024-07-24,Mass Market,Nakuru,Agent,36-45,,,0,0.0,0,Dormant,Merchant Pay,,0
CUS01043,2024-07-04,Mass Market,Nairobi,Branch,55+,,,0,0.0,0,Dormant,Merchant Pay,,0
CUS01746,2024-03-20,SME,Nairobi,Agent,36-45,,,0,0.0,0,Dormant,Bill Pay,,0
CUS01558,2024-03-27,Mass Market,Nairobi,Branch,46-55,2024-04-08,2024-08-23,6,9627.72,3,Churned,Airtime,,1
CUS01618,2024-01-18,Mass Affluent,Nairobi,Branch,36-45,2024-01-30,2024-09-04,66,0.0,7,Churned,Mobile Transfer,Review Required,1
CUS00596,2024-10-26,Corporate,Nairobi,USSD,36-45,2024-10-29,2024-10-30,15,1324940.55,1,Dormant,Bill Pay,,1
CUS00062,2024-09-29,Mass Affluent,Nairobi,Mobile App,55+,2024-10-14,2024-11-11,7,40834.08,1,Dormant,Digital Loan,,1
CUS01297,2024-06-14,SME,Nairobi,Mobile App,36-45,2024-06-15,2024-10-15,56,2949017.95,3,Dormant,Mobile Transfer,,1
CUS00873,2024-08-17,Corporate,Nakuru,Branch,46-55,2024-08-23,2024-11-13,22,3645071.99,2,Dormant,Digital Loan,,1
CUS01499,2024-07-26,Mass Market,Mombasa,Mobile App,36-45,2024-07-31,2024-12-30,5,12719.77,1,Active,Mobile Transfer,,1
CUS01891,2024-10-14,Mass Affluent,Nakuru,Mobile App,26-35,,2024-12-14,12,101357.44,1,Dormant,Mobile Transfer,,0
CUS00279,2024-11-30,Mass Market,Kisumu,USSD,26-35,2024-12-05,2024-12-13,3,4950.01,1,Active,Bill Pay,,1
CUS00037,2024-10-12,Mass Affluent,Eldoret,Mobile App,36-45,2024-10-13,2024-12-06,9,59906.65,1,Active,Mobile Transfer,,1
CUS01525,2024-11-16,SME,Nairobi,Branch,36-45,2024-11-28,2024-12-16,18,329125.2,1,Active,Bill Pay,,1
CUS00663,2024-11-19,Mass Affluent,Mombasa,Mobile App,26-35,2024-11-21,2024-12-10,11,137085.35,1,Active,Merchant Pay,,1
CUS01818,2024-08-04,Mass Market,Nakuru,Mobile App,18-25,2024-08-25,2024-12-03,2,4402.41,1,Active,Merchant Pay,,1
CUS01453,2024-02-24,Mass Market,Mombasa,USSD,36-45,2024-03-12,2024-12-08,17,17548.56,3,Active,Mobile Transfer,,1
CUS00978,2024-07-31,Mass Affluent,Nairobi,Mobile App,18-25,2024-08-12,2024-10-29,18,159182.51,2,Dormant,Mobile Transfer,,1
CUS01581,2024-04-18,Mass Market,Kisumu,USSD,36-45,,,0,0.0,0,Dormant,Merchant Pay,,0
CUS00739,2024-06-15,Mass Affluent,Mombasa,Mobile App,18-25,2024-07-01,2024-07-06,20,180808.88,3,Churned,Airtime,,1
CUS00192,2024-10-01,Mass Market,,Mobile App,36-45,2024-10-10,2024-11-23,3,6836.16,1,Dormant,Bill Pay,,1
CUS00920,2024-09-26,SME,Nairobi,USSD,26-35,2024-10-02,2024-11-22,17,786103.64,1,Dormant,Mobile Transfer,,1
CUS00457,2024-07-26,Mass Market,Nairobi,Agent,46-55,2024-08-10,2024-10-04,4,4430.54,1,Dormant,Bill Pay,,1
CUS00676,2024-01-07,Mass Market,Nairobi,USSD,18-25,2024-01-12,2024-10-10,19,24008.69,4,Dormant,Airtime,,1
CUS00761,2024-11-21,Mass Affluent,Mombasa,Mobile App,36-45,2024-11-26,2024-12-05,12,113773.81,1,Active,Merchant Pay,,1
CUS01819,2024-09-04,Mass Market,Mombasa,USSD,26-35,2024-09-10,2024-12-06,3,7270.97,1,Active,Digital Loan,,1
CUS01612,2024-07-15,Mass Affluent,Nairobi,Agent,36-45,2024-07-31,2024-08-22,21,161447.79,3,Churned,Bill Pay,,1
CUS00729,2024-07-26,Mass Affluent,Nairobi,Agent,36-45,2024-08-14,2024-10-03,26,220479.65,2,Dormant,Airtime,,1
CUS00413,2024-03-11,Corporate,Nairobi,Mobile App,46-55,2024-03-20,2024-05-04,169,35196030.38,7,Churned,Merchant Pay,,1
CUS01099,2024-04-16,Mass Market,Kisumu,USSD,36-45,2024-04-29,2024-07-30,8,17353.92,2,Churned,Merchant Pay,,1
CUS00826,2024-02-16,Mass Market,Kisumu,Mobile App,18-25,2024-02-19,2024-03-30,20,26230.34,4,Churned,Mobile Transfer,,1
CUS01506,2024-11-09,Mass Market,Kisumu,Mobile App,46-55,2024-11-25,2024-12-26,3,7202.67,1,Active,Bill Pay,,1
CUS00617,2024-01-09,Mass Market,Nairobi,Mobile App,46-55,2024-01-28,2024-04-21,6,3915.33,3,Churned,Bill Pay,,1
CUS00418,2024-09-06,Mass Affluent,,Mobile App,18-25,2024-09-17,2024-11-02,8,55128.17,1,Dormant,Bill Pay,,1
CUS01923,2024-07-04,Mass Market,Eldoret,Mobile App,18-25,2024-07-13,2024-10-26,5,12723.04,2,Dormant,Mobile Transfer,,1
CUS00970,2024-10-31,Mass Market,Nairobi,Agent,36-45,2024-11-17,2024-11-25,2,2776.93,1,Dormant,Airtime,,1
CUS00605,2024-11-12,SME,Nairobi,Mobile App,Unknown,2024-11-24,2024-11-27,10,305888.16,1,Dormant,Merchant Pay,,1
CUS01931,2024-03-12,Mass Market,Kisumu,Branch,26-35,,,0,0.0,0,Dormant,Mobile Transfer,,0
CUS00090,2024-08-03,Mass Affluent,Nairobi,USSD,55+,2024-08-10,2024-12-14,23,302690.2,2,Active,Merchant Pay,,1
CUS00849,2024-09-27,Mass Market,Mombasa,USSD,18-25,2024-10-02,2024-11-19,3,2537.02,1,Dormant,Digital Loan,,1
CUS01956,2024-11-07,Mass Market,Nairobi,Mobile App,18-25,2024-11-20,2024-12-07,2,0.0,1,Active,Mobile Transfer,Review Required,1
CUS01930,2024-06-15,Mass Market,Nairobi,Mobile App,26-35,2024-07-06,2024-10-11,6,12677.87,2,Dormant,Bill Pay,,1
CUS00754,2024-08-07,Mass Market,Nakuru,Mobile App,36-45,2024-08-21,2024-12-22,3,4610.78,1,Active,Bill Pay,,1
CUS00499,2024-11-17,Mass Affluent,Nairobi,USSD,55+,,2024-12-11,12,56351.12,1,Dormant,Bill Pay,,0
CUS01277,2024-07-26,Mass Market,Kisumu,Mobile App,26-35,2024-08-10,2024-12-30,2,3719.82,1,Active,Mobile Transfer,,1
CUS01326,2024-04-01,Mass Affluent,Nakuru,USSD,36-45,2024-04-17,2024-06-25,25,309585.4,4,Churned,Merchant Pay,,1
CUS00012,2024-09-16,SME,Kisumu,Agent,Unknown,2024-09-18,2024-11-17,8,130187.5,1,Dormant,Merchant Pay,,1
CUS00397,2024-03-03,Mass Market,Nairobi,Agent,26-35,2024-03-18,2024-05-20,8,7826.26,3,Churned,Bill Pay,,1
CUS00285,2024-04-12,SME,Nairobi,Branch,26-35,,,0,0.0,0,Dormant,Mobile Transfer,,0
CUS01067,2024-04-03,Mass Market,Nairobi,Mobile App,26-35,2024-04-10,2024-11-28,10,20998.95,2,Dormant,Bill Pay,,1
CUS01192,2024-04-14,Corporate,Nairobi,Agent,26-35,2024-04-16,2024-06-13,182,43095363.29,6,Churned,Bill Pay,,1
CUS01755,2024-06-16,Mass Market,Nairobi,Mobile App,26-35,2024-06-19,2024-07-27,6,12040.19,2,Churned,Airtime,,1
CUS00691,2024-10-08,Mass Market,Eldoret,Mobile App,18-25,,,0,0.0,0,Dormant,Airtime,,0
CUS01641,2024-07-07,SME,Mombasa,Mobile App,18-25,2024-07-08,2024-07-18,34,1856180.17,3,Churned,Merchant Pay,,1
CUS01888,2024-04-08,Mass Market,Kisumu,Agent,36-45,2024-04-25,2024-07-22,6,6198.31,2,Churned,Mobile Transfer,,1
CUS00690,2024-03-01,Mass Affluent,Kisumu,USSD,36-45,2024-03-22,2024-04-17,57,764500.82,6,Churned,Digital Loan,,1
CUS00852,2024-02-17,SME,Mombasa,Branch,26-35,2024-03-06,2024-12-20,106,6518800.66,7,Active,Mobile Transfer,,1
CUS00160,2024-07-08,Mass Market,Nakuru,Mobile App,36-45,2024-07-10,2024-08-15,4,7262.28,1,Churned,Mobile Transfer,,1
CUS00896,2024-09-27,Mass Affluent,Eldoret,Branch,26-35,2024-10-03,2024-10-20,6,62514.68,1,Dormant,Mobile Transfer,,1
CUS01974,2024-08-30,Mass Market,Nairobi,Agent,26-35,2024-09-08,2024-09-17,4,5890.95,1,Churned,Mobile Transfer,,1
CUS00258,2024-08-29,SME,Nairobi,Mobile App,55+,2024-09-01,2024-10-01,17,285942.93,1,Churned,Airtime,,1
CUS00336,2024-10-25,SME,Kisumu,USSD,18-25,2024-11-15,2024-11-17,17,972665.45,1,Dormant,Bill Pay,,1
CUS01892,2024-04-25,SME,Nairobi,USSD,18-25,2024-04-29,2024-09-01,68,3476438.17,5,Churned,Mobile Transfer,,1
CUS01040,2024-02-02,Mass Affluent,Kisumu,USSD,46-55,,,0,0.0,0,Dormant,Airtime,,0
CUS00516,2024-04-07,Mass Affluent,Mombasa,Mobile App,18-25,,,0,0.0,0,Dormant,Merchant Pay,,0
CUS01349,2024-07-12,Mass Market,Nairobi,Mobile App,36-45,2024-07-21,2024-08-01,5,10308.82,1,Churned,Bill Pay,,1
CUS01016,2024-01-26,Mass Affluent,Nairobi,Mobile App,36-45,2024-01-28,2024-04-26,36,507029.78,6,Churned,Bill Pay,,1
CUS00769,2024-07-10,Mass Market,Nakuru,Mobile App,26-35,2024-07-23,2024-12-27,5,5215.07,1,Active,Mobile Transfer,,1
CUS01757,2024-05-12,Mass Market,Nairobi,USSD,55+,2024-05-23,2024-07-03,5,10251.5,1,Churned,Bill Pay,,1
CUS00762,2024-03-17,Mass Market,Nairobi,Mobile App,Unknown,2024-03-30,2024-12-18,9,14855.88,2,Active,Merchant Pay,,1
CUS01247,2024-11-14,Mass Market,Nairobi,Mobile App,26-35,,,0,0.0,0,Dormant,Bill Pay,,0
CUS01204,2024-09-30,Corporate,Kisumu,Agent,46-55,,,0,0.0,0,Dormant,Merchant Pay,,0
CUS01477,2024-05-18,Mass Market,Nairobi,USSD,36-45,2024-05-22,2024-12-04,7,0.0,2,Active,Merchant Pay,Review Required,1
CUS01996,2024-08-06,Mass Market,Nairobi,Mobile App,18-25,2024-08-26,2024-11-21,2,2844.41,1,Dormant,Bill Pay,,1
CUS00522,2024-11-28,Mass Market,Nairobi,Mobile App,46-55,2024-12-15,2024-12-21,5,11297.5,1,Active,Digital Loan,,1
CUS00023,2024-01-31,Mass Market,Mombasa,Mobile App,36-45,2024-02-14,2024-05-01,9,14324.44,4,Churned,Mobile Transfer,,1
CUS00357,2024-02-01,SME,Nairobi,Mobile App,26-35,,,0,0.0,0,Dormant,Mobile Transfer,,0
CUS01278,2024-11-10,Mass Market,Kisumu,USSD,18-25,2024-11-22,2024-12-07,4,0.0,1,Active,Digital Loan,Review Required,1
CUS01313,2024-08-16,Mass Affluent,Nairobi,Agent,36-45,2024-08-19,2024-08-31,7,32068.21,1,Churned,Mobile Transfer,,1
CUS01693,2024-02-23,Mass Market,Nakuru,Mobile App,55+,2024-03-07,2024-07-02,13,12016.76,3,Churned,Digital Loan,,1
CUS00432,2024-01-10,Corporate,Nairobi,USSD,36-45,2024-01-21,2024-04-19,107,24374446.88,9,Churned,Merchant Pay,,1
CUS00474,2024-05-13,Mass Affluent,Nairobi,USSD,18-25,2024-06-01,2024-07-15,36,517474.88,4,Churned,Bill Pay,,1
CUS00218,2024-06-24,Mass Affluent,Nairobi,Mobile App,55+,2024-07-13,2024-07-15,18,72078.58,3,Churned,Digital Loan,,1
CUS00912,2024-10-02,Mass Affluent,Nairobi,Agent,26-35,2024-10-12,2024-10-23,7,79983.64,1,Dormant,Digital Loan,,1
CUS01228,2024-08-10,Mass Affluent,Nairobi,Agent,55+,2024-08-26,2024-09-27,9,72766.37,2,Churned,Mobile Transfer,,1
CUS01606,2024-02-03,Mass Market,Nairobi,Agent,26-35,,,0,0.0,0,Dormant,Mobile Transfer,,0
CUS01012,2024-07-01,Mass Market,Mombasa,USSD,36-45,2024-07-22,2024-12-03,3,4509.36,1,Active,Mobile Transfer,,1
CUS01962,2024-09-10,Mass Market,Nakuru,Mobile App,18-25,,,0,0.0,0,Dormant,Mobile Transfer,,0
CUS00094,2024-10-20,SME,Nairobi,Mobile App,36-45,2024-11-03,2024-11-20,13,737472.71,1,Dormant,Merchant Pay,,1
CUS01009,2024-10-14,Corporate,Eldoret,Branch,36-45,,,0,0.0,0,Dormant,Merchant Pay,,0
CUS01071,2024-11-06,Mass Market,Nairobi,Mobile App,46-55,2024-11-26,2024-12-24,5,7721.32,1,Active,Mobile Transfer,,1
CUS01093,2024-08-06,SME,Nairobi,Mobile App,18-25,2024-08-24,2024-12-28,23,756473.86,2,Active,Merchant Pay,,1
CUS01595,2024-06-25,Mass Affluent,Eldoret,USSD,26-35,2024-06-28,2024-08-02,26,129628.82,2,Churned,Mobile Transfer,,1
CUS01309,2024-05-07,Mass Market,Nakuru,Mobile App,26-35,2024-05-14,2024-11-09,7,15142.92,2,Dormant,Airtime,,1
CUS00697,2024-05-28,Mass Affluent,Eldoret,USSD,55+,2024-05-31,2024-12-20,22,76803.67,3,Active,Mobile Transfer,,1
CUS01804,2024-11-24,Mass Affluent,Nairobi,Agent,26-35,2024-12-04,2024-12-29,10,121955.87,1,Active,Mobile Transfer,,1
CUS00997,2024-07-10,SME,Nairobi,Mobile App,26-35,2024-07-16,2024-09-08,18,752969.24,2,Churned,Bill Pay,,1
CUS01459,2024-10-25,Mass Market,Nairobi,USSD,46-55,,,0,0.0,0,Dormant,Mobile Transfer,,0
CUS00154,2024-05-14,Mass Market,Nairobi,Mobile App,26-35,2024-05-15,2024-05-16,6,12302.79,2,Churned,Digital Loan,,1
CUS01100,2024-02-19,Mass Market,Mombasa,USSD,18-25,2024-03-08,2024-04-17,11,9471.86,3,Churned,Bill Pay,,1
CUS01729,2024-06-14,Mass Market,Nairobi,Mobile App,36-45,2024-06-29,2024-08-07,4,9579.71,2,Churned,Merchant Pay,,1
CUS00790,2024-08-29,Mass Market,Nairobi,USSD,55+,2024-09-16,2024-11-08,5,5228.54,1,Dormant,Merchant Pay,,1
CUS00581,2024-01-03,Mass Market,Nairobi,USSD,26-35,2024-01-07,2024-12-23,13,19757.18,5,Active,Bill Pay,,1
CUS00704,2024-04-17,Mass Affluent,Nairobi,Branch,36-45,2024-05-01,2024-06-23,39,223993.52,3,Churned,Mobile Transfer,,1
CUS01213,2024-08-01,Mass Market,Kisumu,Agent,18-25,,,0,0.0,0,Dormant,Merchant Pay,,0
CUS01296,2024-01-20,Mass Market,Nairobi,Mobile App,36-45,,,0,0.0,0,Dormant,Airtime,,0
CUS01676,2024-09-10,Mass Affluent,Nairobi,USSD,18-25,2024-09-17,2024-10-06,6,37712.69,1,Dormant,Mobile Transfer,,1
CUS01261,2024-04-11,Mass Market,Kisumu,USSD,36-45,2024-04-27,2024-09-17,16,23339.25,3,Churned,Digital Loan,,1
CUS00488,2024-03-07,Mass Market,Nakuru,Mobile App,Unknown,2024-03-14,2024-10-09,13,21484.28,3,Dormant,Mobile Transfer,,1
CUS00560,2024-05-14,Mass Market,Nairobi,Mobile App,Unknown,2024-05-23,2024-10-25,10,9104.28,2,Dormant,Merchant Pay,,1
CUS01142,2024-08-25,Mass Market,Nairobi,Mobile App,46-55,2024-09-09,2024-11-17,5,6162.11,1,Dormant,Digital Loan,,1
CUS01120,2024-05-13,Mass Market,Eldoret,USSD,26-35,2024-05-30,2024-08-10,9,13999.61,2,Churned,Mobile Transfer,,1
CUS00802,2024-10-12,Mass Market,Nakuru,USSD,18-25,,,0,0.0,0,Dormant,Mobile Transfer,,0
CUS00513,2024-01-10,Mass Market,Kisumu,Agent,26-35,2024-01-21,2024-10-31,16,17337.75,4,Dormant,Airtime,,1
CUS00634,2024-11-16,Mass Affluent,Nairobi,Agent,18-25,2024-11-30,2024-12-04,9,97081.84,1,Active,Merchant Pay,,1
CUS01488,2024-08-15,Mass Market,Nairobi,Mobile App,26-35,2024-09-02,2024-12-12,4,2510.54,1,Active,Airtime,,1
CUS01799,2024-11-30,Mass Market,Nakuru,Agent,18-25,2024-12-11,2024-12-23,5,12770.63,1,Active,Bill Pay,,1
CUS01555,2024-02-13,Mass Market,Kisumu,Mobile App,18-25,,,0,0.0,0,Dormant,Bill Pay,,0
CUS01151,2024-05-30,Mass Market,Eldoret,Mobile App,55+,2024-06-15,2024-07-18,10,14483.23,2,Churned,Airtime,,1
CUS00791,2024-07-31,Mass Market,Nairobi,Agent,26-35,,,0,0.0,0,Dormant,Mobile Transfer,,0
CUS00117,2024-06-30,Mass Market,Kisumu,Branch,26-35,2024-07-14,2024-12-23,10,25675.63,2,Active,Bill Pay,,1
CUS00741,2024-07-22,Mass Affluent,Nairobi,USSD,46-55,2024-08-04,2024-08-08,19,243190.59,2,Churned,Digital Loan,,1
CUS01352,2024-01-14,Mass Market,Nairobi,USSD,26-35,,,0,0.0,0,Dormant,Airtime,,0
CUS01770,2024-02-25,SME,Nairobi,USSD,26-35,,,0,0.0,0,Dormant,Digital Loan,,0
CUS01082,2024-03-22,Mass Affluent,Kisumu,USSD,26-35,2024-04-11,2024-04-19,51,528924.27,4,Churned,Mobile Transfer,,1
CUS00286,2024-09-01,Mass Market,Nairobi,USSD,36-45,2024-09-06,2024-12-09,3,6608.99,1,Active,Bill Pay,,1
CUS00831,2024-10-18,Mass Market,Mombasa,USSD,36-45,,,0,0.0,0,Dormant,Merchant Pay,,0
CUS00120,2024-02-29,Mass Market,Eldoret,Mobile App,46-55,2024-03-02,2024-05-02,9,17638.13,3,Churned,Bill Pay,,1
CUS01593,2024-11-14,Mass Market,Nairobi,USSD,55+,2024-11-17,2024-11-29,4,3081.49,1,Dormant,Mobile Transfer,,1
CUS00657,2024-07-14,SME,Kisumu,Mobile App,26-35,,2024-11-10,18,952220.03,2,Dormant,Mobile Transfer,,0
CUS00429,2024-06-12,Mass Market,Mombasa,Mobile App,18-25,2024-07-02,2024-07-23,6,14820.36,2,Churned,Mobile Transfer,,1
CUS01920,2024-11-15,Mass Affluent,Nakuru,Agent,46-55,,,0,0.0,0,Dormant,Bill Pay,,0
CUS01519,2024-11-09,Mass Market,Nairobi,Agent,36-45,2024-11-30,2024-12-08,5,3393.07,1,Active,Bill Pay,,1
CUS00636,2024-05-05,Mass Market,Nairobi,Mobile App,26-35,2024-05-16,2024-07-01,14,27437.02,3,Churned,Mobile Transfer,,1
CUS00370,2024-02-20,Mass Market,Nairobi,Branch,26-35,2024-03-01,2024-10-13,10,6921.9,3,Dormant,Bill Pay,,1
CUS01922,2024-02-13,Mass Affluent,Kisumu,USSD,36-45,,,0,0.0,0,Dormant,Mobile Transfer,,0
CUS00269,2024-04-26,SME,Mombasa,Mobile App,26-35,2024-05-05,2024-06-12,35,1077161.16,5,Churned,Digital Loan,,1
CUS00670,2024-05-10,SME,Nairobi,Mobile App,26-35,2024-05-21,2024-10-31,33,1198911.38,4,Dormant,Mobile Transfer,,1
CUS00656,2024-09-09,Mass Market,Kisumu,Mobile App,55+,2024-09-23,2024-10-02,4,4327.07,1,Dormant,Merchant Pay,,1
CUS00032,2024-10-26,Mass Market,Eldoret,Agent,36-45,2024-10-28,2024-12-27,5,10641.55,1,Active,Merchant Pay,,1
CUS00936,2024-04-26,Mass Market,Mombasa,Agent,26-35,2024-05-15,2024-12-07,6,4914.24,2,Active,Mobile Transfer,,1
CUS01346,2024-02-10,Mass Market,Mombasa,USSD,26-35,2024-02-13,2024-07-16,11,22924.2,3,Churned,Bill Pay,,1
CUS00823,2024-03-30,Mass Market,Kisumu,USSD,26-35,,,0,0.0,0,Dormant,Mobile Transfer,,0
CUS00723,2024-07-20,Mass Market,Nairobi,Mobile App,36-45,,,0,0.0,0,Dormant,Airtime,,0
CUS00867,2024-09-07,Mass Affluent,Mombasa,Mobile App,36-45,2024-09-22,2024-12-13,5,24619.18,1,Active,Airtime,,1
CUS01002,2024-01-02,Mass Market,Kisumu,Mobile App,18-25,2024-01-10,2024-09-02,11,20311.02,4,Churned,Bill Pay,,1
CUS00047,2024-04-02,Mass Market,Eldoret,Mobile App,18-25,2024-04-14,2024-08-24,8,14537.12,3,Churned,Mobile Transfer,,1
CUS01574,2024-09-28,SME,Eldoret,Agent,18-25,2024-10-07,2024-10-07,14,342580.14,1,Dormant,Digital Loan,,1
CUS00215,2024-02-13,Mass Market,Kisumu,Mobile App,46-55,,,0,0.0,0,Dormant,Merchant Pay,,0
CUS01374,2024-09-02,Mass Market,Nairobi,Branch,36-45,,,0,0.0,0,Dormant,Mobile Transfer,,0
CUS00622,2024-01-16,Corporate,Nakuru,Mobile App,36-45,2024-01-17,2024-09-16,173,38903501.63,6,Churned,Mobile Transfer,,1
CUS01719,2024-11-05,Mass Market,Nairobi,Agent,36-45,2024-11-15,2024-12-28,3,6737.47,1,Active,Mobile Transfer,,1
CUS00819,2024-10-07,Corporate,Nairobi,Mobile App,36-45,2024-10-11,2024-12-21,22,4768658.37,1,Active,Airtime,,1
CUS01393,2024-05-15,Mass Affluent,Nakuru,USSD,26-35,2024-05-21,2024-07-24,20,87931.83,4,Churned,Bill Pay,,1
CUS00992,2024-09-25,Corporate,Mombasa,Agent,18-25,,,0,0.0,0,Dormant,Mobile Transfer,,0
CUS00327,2024-10-27,Mass Market,Kisumu,Agent,36-45,2024-11-10,2024-11-23,3,8064.16,1,Dormant,Mobile Transfer,,1
CUS00877,2024-03-20,Mass Affluent,Mombasa,Agent,26-35,2024-04-10,2024-08-09,26,217215.8,5,Churned,Merchant Pay,,1
CUS01553,2024-11-24,SME,Nairobi,USSD,36-45,,,0,0.0,0,Dormant,Merchant Pay,,0
CUS00561,2024-07-05,Mass Market,Mombasa,USSD,26-35,2024-07-16,2024-08-14,4,3029.96,2,Churned,Mobile Transfer,,1
CUS00774,2024-10-10,Mass Affluent,Nairobi,USSD,18-25,2024-10-12,2024-11-18,11,105833.96,1,Dormant,Airtime,,1
CUS01608,2024-07-05,Mass Market,Eldoret,Branch,26-35,2024-07-25,2024-08-01,2,4744.33,1,Churned,Mobile Transfer,,1
CUS01476,2024-03-15,Corporate,Nairobi,Mobile App,36-45,2024-03-29,2024-12-06,118,28348895.77,5,Active,Merchant Pay,,1
CUS01220,2024-01-10,SME,Nairobi,Mobile App,36-45,2024-01-28,2024-04-05,98,3957710.76,5,Churned,Airtime,,1
CUS01430,2024-01-18,Mass Market,Nakuru,Agent,26-35,2024-01-27,2024-04-17,22,43405.3,4,Churned,Mobile Transfer,,1
CUS00701,2024-08-18,Mass Market,Nairobi,Branch,55+,2024-09-03,2024-12-26,3,5783.5,1,Active,Merchant Pay,,1
CUS01852,2024-08-21,Mass Affluent,Eldoret,Agent,36-45,2024-08-23,2024-10-27,9,50379.22,1,Dormant,Airtime,,1
CUS00753,2024-07-03,Mass Market,Nakuru,Agent,26-35,2024-07-18,2024-09-06,2,3758.89,1,Churned,Airtime,,1
CUS01232,2024-02-16,Mass Affluent,Nakuru,Mobile App,36-45,2024-02-29,2024-03-23,67,701128.14,5,Churned,Airtime,,1
CUS00005,2024-01-25,Corporate,Mombasa,Branch,55+,2024-02-01,2024-02-27,111,15028970.79,6,Churned,Merchant Pay,,1
CUS01197,2024-02-02,Mass Affluent,Mombasa,Mobile App,55+,2024-02-06,2024-12-11,78,994083.77,6,Active,Merchant Pay,,1
CUS01304,2024-06-05,Mass Market,Nakuru,Branch,36-45,,,0,0.0,0,Dormant,Mobile Transfer,,0
CUS01004,2024-05-23,SME,Nairobi,USSD,26-35,,,0,0.0,0,Dormant,Mobile Transfer,,0
CUS00297,2024-03-28,Mass Market,Eldoret,Agent,26-35,,,0,0.0,0,Dormant,Bill Pay,,0
CUS00342,2024-03-18,Mass Market,Mombasa,Mobile App,26-35,2024-04-03,2024-07-26,6,15828.18,3,Churned,Bill Pay,,1
CUS01734,2024-10-23,Mass Market,Mombasa,Agent,36-45,2024-11-12,2024-12-13,3,6729.14,1,Active,Bill Pay,,1
CUS00908,2024-04-24,Mass Market,Nairobi,Mobile App,26-35,2024-04-27,2024-05-01,10,16934.99,2,Churned,Bill Pay,,1
CUS00630,2024-10-12,Mass Affluent,Mombasa,Agent,18-25,2024-10-18,2024-11-25,8,73032.7,1,Dormant,Mobile Transfer,,1
CUS00264,2024-06-27,Mass Affluent,Nairobi,Agent,36-45,2024-07-17,2024-12-18,23,157928.48,3,Active,Merchant Pay,,1
CUS00462,2024-09-10,Mass Market,Nakuru,Agent,36-45,,,0,0.0,0,Dormant,Bill Pay,,0
CUS00148,2024-04-28,Mass Market,Nairobi,Mobile App,26-35,,,0,0.0,0,Dormant,Airtime,,0
CUS01311,2024-07-18,SME,Nairobi,Mobile App,36-45,2024-07-20,2024-11-01,51,2146536.05,3,Dormant,Airtime,,1
CUS01579,2024-10-19,Mass Affluent,Nakuru,Mobile App,Unknown,2024-10-29,2024-12-08,6,40090.71,1,Active,Digital Loan,,1
CUS01205,2024-02-16,Mass Market,Nairobi,Mobile App,26-35,2024-02-26,2024-11-11,21,55177.51,4,Dormant,Bill Pay,,1
CUS01671,2024-06-27,Mass Market,Nakuru,Agent,46-55,,,0,0.0,0,Dormant,Merchant Pay,,0
CUS01842,2024-10-04,Mass Market,Mombasa,USSD,26-35,2024-10-10,2024-10-31,4,3618.56,1,Dormant,Merchant Pay,,1
CUS00378,2024-11-09,SME,Kisumu,Mobile App,18-25,2024-11-28,2024-12-24,13,716812.51,1,Active,Airtime,,1
CUS00361,2024-10-11,Mass Market,Nairobi,Branch,46-55,,,0,0.0,0,Dormant,Airtime,,0
CUS00444,2024-02-02,Mass Affluent,Nairobi,USSD,26-35,2024-02-15,2024-07-17,69,893772.85,6,Churned,Mobile Transfer,,1
CUS00799,2024-05-02,SME,Nairobi,Mobile App,18-25,2024-05-12,2024-07-31,61,2490422.61,5,Churned,Airtime,,1
CUS00084,2024-09-19,Mass Affluent,Nairobi,Mobile App,18-25,,,0,0.0,0,Dormant,Bill Pay,,0
CUS01003,2024-02-10,Mass Market,Nakuru,Mobile App,18-25,2024-02-29,2024-06-17,7,10791.59,3,Churned,Bill Pay,,1
CUS01461,2024-10-28,Mass Market,Nairobi,Branch,26-35,2024-11-09,2024-11-22,5,12644.86,1,Dormant,Airtime,,1
CUS00049,2024-10-24,Mass Market,Nakuru,Mobile App,18-25,2024-10-30,2024-11-21,3,5440.56,1,Dormant,Mobile Transfer,,1
CUS01078,2024-02-10,Mass Affluent,Eldoret,Mobile App,18-25,2024-02-27,2024-07-23,29,362531.85,4,Churned,Mobile Transfer,,1
CUS00106,2024-02-03,Mass Affluent,Nairobi,Branch,55+,,,0,0.0,0,Dormant,Mobile Transfer,,0
CUS00469,2024-02-07,Mass Market,Nairobi,USSD,26-35,2024-02-28,2024-03-29,17,39069.74,3,Churned,Merchant Pay,,1
CUS00838,2024-04-17,Corporate,Nairobi,Mobile App,18-25,2024-04-20,2024-06-10,91,29268604.74,4,Churned,Bill Pay,,1
CUS00127,2024-07-22,Mass Market,Mombasa,Mobile App,36-45,2024-07-30,2024-09-23,3,3500.55,1,Churned,Mobile Transfer,,1
CUS00156,2024-01-03,Mass Market,Nairobi,Agent,18-25,2024-01-07,2024-09-17,18,18233.39,4,Churned,Airtime,,1
CUS01760,2024-02-22,Mass Market,Nairobi,Mobile App,18-25,2024-03-14,2024-11-23,9,14942.67,3,Dormant,Mobile Transfer,,1
CUS01802,2024-04-27,Mass Market,Nairobi,Mobile App,46-55,2024-05-10,2024-08-27,11,23555.39,2,Churned,Mobile Transfer,,1
CUS01138,2024-04-28,Mass Market,Mombasa,Mobile App,18-25,2024-05-14,2024-06-13,8,13969.34,3,Churned,Mobile Transfer,,1
CUS01633,2024-06-21,SME,Nairobi,Agent,36-45,2024-07-12,2024-08-02,53,1129686.54,3,Churned,Airtime,,1
CUS00305,2024-11-01,Mass Market,Nairobi,Mobile App,26-35,,,0,0.0,0,Dormant,Airtime,,0
CUS00977,2024-03-13,Mass Market,Kisumu,Agent,26-35,2024-04-03,2024-12-12,7,15977.33,3,Active,Merchant Pay,,1
CUS01038,2024-05-11,Mass Market,Nairobi,Branch,26-35,,,0,0.0,0,Dormant,Airtime,,0
CUS01366,2024-03-22,Corporate,Nairobi,Mobile App,26-35,2024-03-26,2024-07-18,92,18035301.28,7,Churned,Airtime,,1
CUS00356,2024-10-11,Mass Market,Nairobi,Agent,36-45,2024-10-29,2024-12-01,5,11036.58,1,Active,Mobile Transfer,,1
CUS01567,2024-11-03,Mass Affluent,Nairobi,Mobile App,36-45,2024-11-06,2024-12-14,10,129594.87,1,Active,Bill Pay,,1
CUS01626,2024-02-21,Corporate,Nakuru,USSD,26-35,2024-03-12,2024-12-19,159,23445852.97,6,Active,Merchant Pay,,1
CUS00314,2024-11-28,SME,Kisumu,USSD,26-35,2024-12-07,2024-12-27,7,261186.91,1,Active,Airtime,,1
CUS00683,2024-09-07,Mass Affluent,Kisumu,USSD,18-25,,,0,0.0,0,Dormant,Airtime,,0
CUS00150,2024-01-07,Mass Market,Mombasa,Mobile App,46-55,,,0,0.0,0,Dormant,Mobile Transfer,,0
CUS00818,2024-03-12,SME,Mombasa,Mobile App,36-45,2024-03-24,2024-06-08,35,761253.72,4,Churned,Digital Loan,,1
CUS01149,2024-07-10,Mass Affluent,Nairobi,Agent,26-35,2024-07-11,2024-08-06,21,186220.91,2,Churned,Airtime,,1
CUS01645,2024-08-31,Corporate,Mombasa,Mobile App,55+,2024-09-11,2024-12-08,93,21309251.87,3,Active,Airtime,,1
CUS01214,2024-01-27,Mass Affluent,Eldoret,Agent,36-45,2024-01-31,2024-09-20,37,182078.06,5,Churned,Bill Pay,,1
CUS00210,2024-09-06,Mass Market,Nairobi,USSD,26-35,2024-09-22,2024-11-26,2,2215.19,1,Dormant,Digital Loan,,1
CUS00575,2024-08-31,Corporate,Eldoret,Agent,26-35,2024-09-11,2024-09-26,36,3174934.3,2,Churned,Airtime,,1
CUS00890,2024-01-20,Mass Affluent,Nairobi,Agent,26-35,,,0,0.0,0,Dormant,Mobile Transfer,,0
CUS00051,2024-11-23,Mass Market,Mombasa,Branch,18-25,2024-11-27,2024-12-17,3,0.0,1,Active,Airtime,Review Required,1
CUS00141,2024-07-02,Mass Market,Kisumu,Mobile App,26-35,2024-07-11,2024-09-28,7,17728.58,2,Churned,Mobile Transfer,,1
CUS01562,2024-03-22,Mass Affluent,Nairobi,Agent,26-35,,,0,0.0,0,Dormant,Merchant Pay,,0
CUS01655,2024-08-28,Mass Affluent,Kisumu,USSD,26-35,2024-09-18,2024-11-20,25,193656.49,2,Dormant,Bill Pay,,1
CUS00727,2024-09-08,Mass Market,Nakuru,Mobile App,26-35,2024-09-18,2024-10-06,4,6142.52,1,Dormant,Merchant Pay,,1
CUS01348,2024-09-15,Mass Market,Kisumu,Mobile App,26-35,,,0,0.0,0,Dormant,Mobile Transfer,,0
CUS01339,2024-01-21,Mass Market,Nairobi,Branch,26-35,2024-01-25,2024-03-18,23,50259.93,4,Churned,Airtime,,1
CUS00834,2024-07-30,Mass Affluent,Kisumu,Mobile App,18-25,2024-08-05,2024-11-29,12,73204.15,2,Dormant,Bill Pay,,1
CUS01378,2024-11-11,Mass Market,Kisumu,Mobile App,26-35,2024-11-16,2024-11-24,4,10001.89,1,Dormant,Mobile Transfer,,1
CUS01584,2024-10-26,SME,Nakuru,Mobile App,18-25,,,0,0.0,0,Dormant,Airtime,,0
CUS01116,2024-10-17,Mass Market,Nairobi,Branch,55+,,,0,0.0,0,Dormant,Airtime,,0
CUS01103,2024-08-16,Mass Market,Kisumu,Agent,18-25,2024-08-28,2024-12-09,2,4202.1,1,Active,Airtime,,1
CUS00191,2024-03-18,Mass Market,Nairobi,USSD,18-25,,,0,0.0,0,,Airtime,,0
CUS01167,2024-02-24,Mass Market,Eldoret,Mobile App,26-35,,,0,0.0,0,Dormant,Mobile Transfer,,0
CUS01740,2024-05-01,Mass Market,Eldoret,Branch,36-45,,,0,0.0,0,Dormant,Mobile Transfer,,0
CUS00471,2024-01-09,Mass Market,Kisumu,Mobile App,46-55,2024-01-21,2024-03-21,8,19503.65,4,Churned,Digital Loan,,1
CUS00967,2024-09-05,Mass Affluent,Nairobi,Mobile App,55+,2024-09-23,2024-12-16,5,50377.87,1,Active,Bill Pay,,1
CUS01140,2024-02-21,Mass Affluent,Mombasa,Agent,36-45,2024-02-26,2024-08-06,46,519808.28,4,Churned,Bill Pay,,1
CUS00972,2024-07-20,SME,Mombasa,Mobile App,55+,2024-08-07,2024-11-21,28,579894.65,2,Dormant,Digital Loan,,1
CUS00712,2024-07-03,Mass Affluent,Kisumu,Mobile App,18-25,2024-07-09,2024-08-14,33,109605.52,3,Churned,Merchant Pay,,1
CUS00993,2024-08-27,Mass Affluent,Nakuru,Mobile App,26-35,2024-09-14,2024-12-18,24,141487.98,2,Active,Airtime,,1
CUS00654,2024-11-28,Corporate,Nairobi,Mobile App,26-35,2024-12-07,2024-12-23,30,4644618.45,1,Active,Digital Loan,,1
CUS01275,2024-04-23,Mass Market,Eldoret,USSD,26-35,2024-05-05,2024-08-18,7,14138.95,3,Churned,Merchant Pay,,1
CUS01968,2024-10-11,Mass Market,Nakuru,USSD,46-55,2024-11-01,2024-12-24,3,7475.32,1,Active,Bill Pay,,1
CUS01833,2024-10-05,SME,Kisumu,Mobile App,26-35,2024-10-24,2024-11-05,14,772542.49,1,Dormant,Mobile Transfer,,1
CUS01667,2024-04-13,Mass Market,Nairobi,Agent,26-35,2024-04-14,2024-07-13,7,6251.58,2,Churned,Digital Loan,,1
CUS00400,2024-06-10,SME,Nairobi,Mobile App,26-35,2024-06-18,2024-08-11,49,1394037.17,3,Churned,Merchant Pay,,1
CUS00866,2024-10-27,Mass Market,Mombasa,Agent,26-35,,,0,0.0,0,Dormant,Mobile Transfer,,0
CUS00512,2024-01-08,Mass Market,Mombasa,Mobile App,36-45,2024-01-10,2024-05-03,15,12482.19,3,Churned,Mobile Transfer,,1
CUS00011,2024-01-30,Mass Affluent,Nakuru,Branch,26-35,,,0,0.0,0,Dormant,Airtime,,0
CUS00607,2024-03-15,Mass Market,Kisumu,USSD,36-45,2024-03-17,2024-06-12,12,13241.38,3,Churned,Mobile Transfer,,1
CUS00321,2024-01-15,Mass Market,Mombasa,Mobile App,26-35,2024-01-27,2024-02-09,14,14635.52,4,Churned,Mobile Transfer,,1
CUS01705,2024-04-15,Mass Affluent,Eldoret,Mobile App,18-25,2024-04-18,2024-12-21,18,145491.78,4,Active,Airtime,,1
CUS00181,2024-04-16,Mass Market,Nairobi,USSD,26-35,,,0,0.0,0,Dormant,Airtime,,0
CUS00020,2024-02-16,Mass Market,Nairobi,Mobile App,26-35,2024-02-18,2024-03-16,11,21424.77,3,Churned,Airtime,,1
CUS00302,2024-08-26,Mass Market,Nairobi,USSD,36-45,2024-08-27,2024-10-07,5,5228.38,1,Dormant,Merchant Pay,,1
CUS00283,2024-03-02,Mass Market,Nairobi,Mobile App,26-35,2024-03-09,2024-09-10,18,34788.76,4,Churned,Airtime,,1
CUS00685,2024-09-21,SME,Nakuru,Branch,46-55,,,0,0.0,0,Dormant,Bill Pay,,0
CUS00497,2024-04-13,Mass Market,Nakuru,Mobile App,26-35,2024-04-26,2024-08-06,15,35434.97,3,Churned,Bill Pay,,1
CUS00811,2024-09-11,Mass Market,Mombasa,Mobile App,26-35,2024-09-15,2024-10-26,5,8413.4,1,Dormant,Mobile Transfer,,1
CUS00036,2024-01-24,SME,Nairobi,Mobile App,46-55,2024-02-13,2024-08-01,134,7308765.41,8,Churned,Bill Pay,,1
CUS01970,2024-05-15,Mass Affluent,Nairobi,Mobile App,26-35,2024-05-16,2024-08-30,33,144034.06,3,Churned,Mobile Transfer,,1
CUS01936,2024-01-08,Mass Affluent,Kisumu,Agent,18-25,,,0,0.0,0,Dormant,Merchant Pay,,0
CUS00903,2024-09-25,Mass Affluent,Nakuru,USSD,26-35,,,0,0.0,0,Dormant,Bill Pay,,0
CUS01720,2024-11-26,Mass Market,Nairobi,USSD,18-25,,,0,0.0,0,Dormant,Mobile Transfer,,0
CUS00292,2024-07-21,Mass Market,Eldoret,Agent,46-55,2024-07-31,2024-10-26,4,7934.42,1,Dormant,Mobile Transfer,,1
CUS01790,2024-07-26,Mass Market,Nairobi,Agent,36-45,,,0,0.0,0,Dormant,Merchant Pay,,0
CUS00755,2024-05-20,Mass Affluent,Nairobi,Mobile App,36-45,,,0,0.0,0,Dormant,Mobile Transfer,,0
CUS01672,2024-09-08,Corporate,Mombasa,USSD,26-35,2024-09-11,2024-09-12,34,6468592.62,2,Churned,Bill Pay,,1
CUS00828,2024-05-02,Mass Market,Nairobi,Agent,26-35,2024-05-12,2024-09-20,11,9052.38,2,Churned,Merchant Pay,,1
CUS00627,2024-02-23,SME,Kisumu,Mobile App,26-35,,,0,0.0,0,Dormant,Digital Loan,,0
CUS01808,2024-06-09,SME,Mombasa,Mobile App,36-45,2024-06-19,2024-06-30,69,2810572.62,4,Churned,Bill Pay,,1
CUS01648,2024-01-16,Mass Market,Nairobi,Agent,26-35,,,0,0.0,0,Dormant,Merchant Pay,,0
CUS00951,2024-04-15,Mass Market,Nakuru,Mobile App,36-45,,,0,0.0,0,Dormant,Mobile Transfer,,0
CUS00408,2024-03-20,SME,Nakuru,Branch,36-45,2024-03-29,2024-07-25,75,1608224.48,4,Churned,Mobile Transfer,,1
CUS00518,2024-08-31,SME,Mombasa,USSD,26-35,2024-09-02,2024-10-04,40,1205673.4,2,Dormant,Bill Pay,,1
CUS01379,2024-09-16,Mass Market,Nairobi,Mobile App,46-55,2024-09-23,2024-11-20,3,2459.58,1,Dormant,Merchant Pay,,1
CUS00921,2024-04-30,Mass Market,Mombasa,Mobile App,18-25,2024-05-05,2024-06-27,5,13191.12,2,Churned,Merchant Pay,,1
CUS01997,2024-08-02,Mass Market,Nakuru,Agent,46-55,,,0,0.0,0,Dormant,Merchant Pay,,0
CUS00130,2024-02-11,Mass Market,Eldoret,Agent,46-55,2024-02-26,2024-05-15,15,25409.27,3,Churned,Mobile Transfer,,1
CUS00538,2024-03-07,Mass Affluent,Mombasa,Mobile App,26-35,2024-03-21,2024-12-18,13,72762.58,3,Active,Bill Pay,,1
CUS01070,2024-03-18,Mass Affluent,Nairobi,Agent,18-25,2024-03-29,2024-11-30,24,312155.9,4,Dormant,Mobile Transfer,,1
CUS01183,2024-04-14,SME,Nakuru,Mobile App,36-45,2024-04-21,2024-07-08,47,2543304.81,5,Churned,Airtime,,1
CUS00759,2024-01-27,Mass Affluent,Mombasa,Mobile App,18-25,2024-02-16,2024-12-06,28,227451.96,6,Active,Mobile Transfer,,1
CUS00477,2024-04-23,Mass Market,Mombasa,Agent,55+,2024-05-07,2024-08-12,15,30309.66,3,Churned,Merchant Pay,,1
CUS00844,2024-05-22,Mass Market,Kisumu,Mobile App,26-35,2024-05-25,2024-10-21,6,4277.34,2,Dormant,Mobile Transfer,,1
CUS01917,2024-09-02,Mass Market,Nakuru,USSD,26-35,2024-09-11,2024-10-22,3,7920.57,1,Dormant,Mobile Transfer,,1
CUS00324,2024-05-29,Mass Affluent,Eldoret,Agent,36-45,,,0,0.0,0,Dormant,Mobile Transfer,,0
CUS00158,2024-08-02,SME,Eldoret,Agent,18-25,2024-08-16,2024-12-24,27,1063874.74,3,Active,Bill Pay,,1
CUS01063,2024-08-08,Mass Market,Nairobi,Agent,26-35,,,0,0.0,0,Dormant,Airtime,,0
CUS01727,2024-08-18,Mass Affluent,Nakuru,Agent,26-35,,,0,0.0,0,Dormant,Bill Pay,,0
CUS01200,2024-07-21,Mass Affluent,Mombasa,Agent,26-35,2024-07-27,2024-10-10,39,350255.94,3,Dormant,Digital Loan,,1
CUS01244,2024-07-22,Mass Affluent,Kisumu,Mobile App,36-45,2024-07-30,2024-08-27,22,313009.2,2,Churned,Merchant Pay,,1
CUS00850,2024-11-18,Mass Market,Mombasa,USSD,18-25,2024-11-26,2024-12-15,2,2685.25,1,Active,Mobile Transfer,,1
CUS00246,2024-11-09,Mass Affluent,Nairobi,Mobile App,26-35,2024-11-24,2024-12-29,5,48428.0,1,Active,Merchant Pay,,1
CUS01196,2024-09-04,Mass Market,Nakuru,Branch,26-35,,,0,0.0,0,Dormant,Mobile Transfer,,0
CUS01256,2024-03-28,Mass Affluent,Nairobi,Agent,36-45,2024-04-08,2024-06-20,32,227260.07,3,Churned,Bill Pay,,1
CUS01417,2024-08-14,Mass Market,Nairobi,Agent,46-55,2024-08-25,2024-10-19,5,10463.43,1,Dormant,Bill Pay,,1
CUS00017,2024-08-02,Mass Market,Nairobi,Agent,36-45,,,0,0.0,0,Dormant,Bill Pay,,0
CUS01128,2024-05-24,Mass Market,Nairobi,Mobile App,26-35,2024-06-04,2024-11-27,8,0.0,3,Dormant,Mobile Transfer,Review Required,1
CUS01536,2024-04-25,Mass Market,Kisumu,Branch,36-45,2024-05-04,2024-08-31,10,20418.76,2,Churned,Merchant Pay,,1
CUS01876,2024-04-24,Corporate,Nakuru,USSD,36-45,2024-05-05,2024-09-23,90,14321423.48,4,Churned,Mobile Transfer,,1
CUS00785,2024-09-05,SME,Nakuru,Mobile App,55+,2024-09-08,2024-10-05,18,1031224.67,1,Dormant,Mobile Transfer,,1
CUS01691,2024-09-08,Mass Market,Mombasa,Mobile App,18-25,2024-09-09,2024-12-25,4,6465.05,1,Active,Airtime,,1
CUS01073,2024-06-16,Mass Affluent,Eldoret,Mobile App,36-45,2024-06-22,2024-09-27,18,58835.44,3,Churned,Mobile Transfer,,1
CUS01753,2024-03-23,Mass Market,Nairobi,Branch,36-45,2024-03-30,2024-05-23,6,4070.34,2,Churned,Mobile Transfer,,1
CUS01609,2024-04-12,Mass Market,Nairobi,Mobile App,26-35,2024-04-25,2024-09-13,9,8158.85,3,Churned,Mobile Transfer,,1
CUS00490,2024-09-26,Mass Affluent,Nairobi,Agent,26-35,,,0,0.0,0,Dormant,Bill Pay,,0
CUS01984,2024-03-25,Mass Market,Kisumu,Agent,36-45,2024-04-14,2024-06-22,10,17886.92,2,Churned,Mobile Transfer,,1
CUS00696,2024-01-09,SME,Mombasa,Mobile App,18-25,2024-01-24,2024-07-16,134,3281953.88,7,Churned,Bill Pay,,1
CUS00155,2024-05-24,Mass Market,Nairobi,Mobile App,18-25,,,0,0.0,0,Dormant,Mobile Transfer,,0
CUS00547,2024-07-14,SME,Nakuru,Mobile App,55+,2024-07-17,2024-07-18,54,3108842.06,3,Churned,Bill Pay,,1
CUS00216,2024-03-14,Corporate,Nairobi,Mobile App,36-45,2024-03-24,2024-08-14,86,7132494.51,4,Churned,Mobile Transfer,,1
CUS00962,2024-11-15,SME,Mombasa,Agent,26-35,,,0,0.0,0,Dormant,Digital Loan,,0
CUS01540,2024-11-25,Mass Market,Nakuru,Mobile App,36-45,2024-11-28,2024-11-28,4,7998.09,1,Dormant,Airtime,,1
CUS01566,2024-06-17,SME,Nairobi,Mobile App,18-25,2024-07-03,2024-11-10,53,2879234.1,3,Dormant,Merchant Pay,,1
CUS00854,2024-05-07,Mass Market,Mombasa,Mobile App,36-45,2024-05-25,2024-09-30,5,5912.88,2,Churned,Bill Pay,,1
CUS00659,2024-09-02,Mass Market,Nairobi,Branch,55+,2024-09-09,2024-11-06,2,4727.77,1,Dormant,Mobile Transfer,,1
CUS01270,2024-07-17,SME,Mombasa,USSD,46-55,,,0,0.0,0,Dormant,Airtime,,0
CUS01312,2024-07-07,Mass Affluent,Mombasa,Mobile App,55+,,,0,0.0,0,Dormant,Bill Pay,,0
CUS01685,2024-04-28,Mass Market,Nairobi,Mobile App,26-35,,,0,0.0,0,Dormant,Merchant Pay,,0
CUS00626,2024-07-03,Mass Market,Kisumu,Mobile App,46-55,2024-07-22,2024-09-28,10,26095.58,2,Churned,Merchant Pay,,1
CUS00159,2024-09-30,Corporate,Nairobi,Mobile App,26-35,2024-10-04,2024-12-02,31,6063213.11,1,Active,Mobile Transfer,,1
CUS01020,2024-10-04,Mass Market,Nairobi,USSD,18-25,2024-10-06,2024-11-17,5,5126.96,1,Dormant,Airtime,,1
CUS00686,2024-05-26,SME,Kisumu,Mobile App,18-25,2024-05-28,2024-05-30,76,3204898.06,4,Churned,Mobile Transfer,,1
CUS01886,2024-02-05,Mass Market,Nairobi,Mobile App,18-25,,,0,0.0,0,Dormant,Mobile Transfer,,0
CUS01845,2024-09-19,Mass Market,Nairobi,Mobile App,18-25,2024-10-07,2024-11-24,2,3703.3,1,Dormant,Airtime,,1
CUS01673,2024-02-18,Mass Market,Mombasa,Mobile App,26-35,2024-02-27,2024-12-04,10,13515.4,3,Active,Mobile Transfer,,1
CUS01910,2024-09-03,Mass Market,Nakuru,USSD,36-45,2024-09-05,2024-11-08,4,9349.87,1,Dormant,Bill Pay,,1
CUS00570,2024-04-03,Mass Market,Nairobi,Mobile App,26-35,2024-04-19,2024-10-02,16,43007.31,3,Dormant,Merchant Pay,,1
CUS01505,2024-01-07,Mass Market,Mombasa,Branch,36-45,2024-01-17,2024-08-08,15,9428.47,4,Churned,Merchant Pay,,1
CUS00842,2024-02-01,Mass Market,Kisumu,Mobile App,26-35,2024-02-02,2024-02-25,17,45053.88,4,Churned,Bill Pay,,1
CUS01921,2024-11-22,Mass Market,Nakuru,USSD,46-55,2024-11-23,2024-12-26,4,10307.97,1,Active,Airtime,,1
CUS00635,2024-09-29,SME,Nakuru,Mobile App,55+,2024-10-01,2024-10-02,13,610133.5,1,Dormant,Bill Pay,,1
CUS00960,2024-05-31,Mass Market,Kisumu,Mobile App,26-35,2024-06-20,2024-07-21,8,11770.88,2,Churned,Merchant Pay,,1
CUS00018,2024-02-05,Mass Market,Nairobi,Agent,18-25,,,0,0.0,0,Dormant,Airtime,,0
CUS00517,2024-09-20,SME,Nairobi,Agent,26-35,2024-09-23,2024-12-07,12,469106.89,1,Active,Bill Pay,,1
CUS01894,2024-06-29,Mass Market,Nairobi,Mobile App,Unknown,2024-07-13,2024-09-25,3,2447.52,1,Churned,Airtime,,1
CUS00128,2024-07-19,Mass Affluent,Nakuru,Agent,55+,2024-07-20,2024-11-09,10,129582.57,2,Dormant,Merchant Pay,,1
CUS01437,2024-08-01,Mass Affluent,Nakuru,Agent,36-45,,,0,0.0,0,Dormant,Digital Loan,,0
CUS00284,2024-07-17,Mass Market,Nakuru,USSD,36-45,,,0,0.0,0,Dormant,Mobile Transfer,,0
CUS01347,2024-01-28,SME,Kisumu,Mobile App,36-45,,,0,0.0,0,Dormant,Airtime,,0
CUS01544,2024-05-14,SME,Nairobi,Mobile App,18-25,2024-05-28,2024-10-14,39,2362851.29,3,Dormant,Merchant Pay,,1
CUS00798,2024-07-26,Corporate,Kisumu,Mobile App,26-35,2024-08-06,2024-09-10,76,23853661.49,4,Churned,Merchant Pay,,1
CUS00598,2024-03-20,Mass Market,Nairobi,Agent,18-25,2024-03-29,2024-08-03,7,13948.8,3,Churned,Bill Pay,,1
CUS01636,2024-01-11,SME,Nairobi,Agent,26-35,2024-01-22,2024-08-23,131,4660282.18,8,Churned,Airtime,,1
CUS00196,2024-01-14,Mass Market,Nairobi,Mobile App,18-25,2024-02-03,2024-08-15,8,9891.68,3,Churned,Bill Pay,,1
CUS00226,2024-07-04,Mass Market,Nairobi,USSD,26-35,2024-07-16,2024-09-18,5,11797.12,1,Churned,Mobile Transfer,,1
CUS01653,2024-02-20,Mass Affluent,Nairobi,USSD,18-25,2024-03-07,2024-03-13,75,591597.95,6,Churned,Airtime,,1
CUS00027,2024-11-18,Mass Market,Nairobi,Agent,26-35,2024-11-24,2024-12-03,3,6507.62,1,Active,Airtime,,1
CUS01388,2024-11-21,Mass Market,Nakuru,Mobile App,26-35,2024-11-26,2024-11-26,2,4426.68,1,Dormant,Bill Pay,,1
CUS00411,2024-03-14,Mass Affluent,Mombasa,Mobile App,55+,2024-03-26,2024-12-19,38,545552.32,3,Active,Digital Loan,,1
CUS01280,2024-08-30,Mass Market,Nairobi,Branch,26-35,,,0,0.0,0,Dormant,Mobile Transfer,,0
CUS01782,2024-09-13,SME,Kisumu,Mobile App,18-25,2024-09-17,2024-09-24,31,1822586.53,2,Churned,Airtime,,1
CUS01981,2024-09-08,Mass Market,Nairobi,Mobile App,26-35,2024-09-22,2024-11-08,4,10337.78,1,Dormant,Mobile Transfer,,1
CUS00097,2024-06-28,Mass Affluent,Kisumu,USSD,36-45,,,0,0.0,0,Dormant,Merchant Pay,,0
CUS00438,2024-07-15,Mass Market,Nairobi,USSD,36-45,2024-07-26,2024-09-14,10,19364.17,2,Churned,Mobile Transfer,,1
CUS00928,2024-01-29,Mass Market,Nairobi,Mobile App,46-55,,,0,0.0,0,Dormant,Mobile Transfer,,0
CUS01008,2024-03-04,Mass Market,Nakuru,Mobile App,36-45,2024-03-23,2024-10-31,18,23495.3,4,Dormant,Bill Pay,,1
CUS01961,2024-04-11,SME,Nairobi,USSD,26-35,2024-04-17,2024-11-26,72,3693401.47,4,Dormant,Merchant Pay,,1
CUS01323,2024-08-16,Mass Market,Nairobi,Mobile App,26-35,2024-08-28,2024-09-30,2,1210.38,1,Churned,Mobile Transfer,,1
CUS00981,2024-04-04,Mass Market,Mombasa,Mobile App,26-35,,,0,0.0,0,Dormant,Merchant Pay,,0
CUS01389,2024-05-22,Mass Market,Nairobi,USSD,26-35,,,0,0.0,0,Dormant,Mobile Transfer,,0
CUS00157,2024-03-15,Mass Affluent,,Mobile App,26-35,2024-04-03,2024-06-15,41,375259.59,4,Churned,Digital Loan,,1
CUS01977,2024-01-30,Mass Affluent,Nairobi,Agent,36-45,2024-02-04,2024-07-02,53,709545.15,6,Churned,Mobile Transfer,,1
CUS00230,2024-09-27,SME,Nakuru,USSD,26-35,2024-10-13,2024-10-23,41,0.0,2,Dormant,Bill Pay,Review Required,1
CUS00420,2024-04-24,Mass Market,Kisumu,Mobile App,26-35,2024-05-14,2024-10-09,4,2732.74,2,Dormant,Bill Pay,,1
CUS00038,2024-03-09,Mass Market,Mombasa,Mobile App,55+,,,0,0.0,0,Dormant,Airtime,,0
CUS00478,2024-02-04,Mass Market,Mombasa,USSD,26-35,2024-02-16,2024-12-06,12,11279.25,4,Active,Mobile Transfer,,1
CUS00750,2024-07-18,Mass Affluent,Nairobi,Mobile App,46-55,2024-07-21,2024-08-22,21,109414.0,2,Churned,Merchant Pay,,1
CUS01867,2024-01-07,SME,Nairobi,Mobile App,46-55,2024-01-22,2024-08-16,141,2139445.44,7,Churned,Bill Pay,,1
CUS01046,2024-11-11,Mass Market,Nakuru,Agent,18-25,,,0,0.0,0,Dormant,Mobile Transfer,,0
CUS00669,2024-06-18,Mass Market,Nairobi,Agent,36-45,2024-07-04,2024-11-17,7,14565.93,2,Dormant,Airtime,,1
CUS01399,2024-08-19,Mass Market,Nairobi,Mobile App,26-35,2024-08-24,2024-12-29,4,4276.03,1,Active,Mobile Transfer,,1
CUS01622,2024-11-19,Mass Market,Nakuru,USSD,26-35,2024-11-26,2024-12-19,2,3210.05,1,Active,Mobile Transfer,,1
CUS00470,2024-05-17,Mass Market,Nairobi,USSD,26-35,,,0,0.0,0,Dormant,Mobile Transfer,,0
CUS01884,2024-03-25,Mass Affluent,Mombasa,USSD,46-55,,,0,0.0,0,Dormant,Merchant Pay,,0
CUS01703,2024-01-13,Mass Market,Kisumu,Branch,36-45,2024-02-01,2024-08-21,13,12101.52,3,Churned,Digital Loan,,1
CUS01308,2024-10-25,Corporate,Mombasa,Mobile App,26-35,2024-10-30,2024-11-18,29,3543674.88,1,Dormant,Airtime,,1
CUS01980,2024-03-14,Mass Market,Mombasa,Mobile App,26-35,2024-03-23,2024-11-24,11,10304.07,3,Dormant,Airtime,,1
CUS00448,2024-02-13,Mass Market,Kisumu,USSD,36-45,2024-02-15,2024-08-08,15,33999.87,3,Churned,Airtime,,1
CUS01535,2024-03-30,Mass Market,Nairobi,Mobile App,36-45,2024-04-04,2024-04-14,9,21657.91,2,Churned,Airtime,,1
CUS00554,2024-08-23,Mass Market,Nairobi,Mobile App,26-35,2024-09-05,2024-11-15,2,4775.94,1,Dormant,Airtime,,1
CUS00688,2024-08-26,Mass Market,Nairobi,USSD,36-45,2024-09-06,2024-10-23,3,4104.78,1,Dormant,Mobile Transfer,,1
CUS00982,2024-07-20,Mass Market,Kisumu,Agent,36-45,,,0,0.0,0,Dormant,Bill Pay,,0
CUS00179,2024-04-07,Mass Market,Nairobi,USSD,18-25,2024-04-22,2024-09-24,10,11171.26,3,Churned,Mobile Transfer,,1
CUS01855,2024-07-19,Mass Affluent,Nairobi,USSD,18-25,2024-07-31,2024-11-28,14,177934.31,3,Dormant,Mobile Transfer,,1
CUS00198,2024-04-16,Mass Market,Eldoret,Mobile App,26-35,2024-05-03,2024-07-31,7,14259.62,2,Churned,Mobile Transfer,,1
CUS00391,2024-05-12,Mass Market,Kisumu,USSD,18-25,,,0,0.0,0,Dormant,Bill Pay,,0
CUS00640,2024-08-21,Mass Market,Mombasa,Mobile App,36-45,2024-08-30,2024-11-16,4,9830.32,1,Dormant,Airtime,,1
CUS01634,2024-08-04,SME,Mombasa,Mobile App,26-35,2024-08-17,2024-11-14,33,751618.57,2,Dormant,Merchant Pay,,1
CUS01806,2024-08-20,SME,Kisumu,Mobile App,26-35,2024-09-10,2024-11-01,19,843216.84,1,Dormant,Airtime,,1
CUS00884,2024-10-09,Mass Market,Nairobi,Agent,36-45,2024-10-16,2024-11-08,2,5000.98,1,Dormant,Mobile Transfer,,1
CUS01219,2024-08-01,Mass Affluent,Nairobi,Mobile App,18-25,2024-08-08,2024-12-21,16,58411.31,2,Active,Mobile Transfer,,1
CUS00280,2024-06-25,Mass Affluent,Mombasa,Agent,26-35,2024-07-14,2024-07-22,39,558185.33,3,Churned,Digital Loan,,1
CUS01159,2024-02-08,SME,Nairobi,Branch,46-55,2024-02-15,2024-08-04,43,2177387.94,5,Churned,Mobile Transfer,,1
CUS00294,2024-07-24,Mass Market,Nairobi,Mobile App,55+,2024-08-08,2024-08-25,5,7496.83,1,Churned,Airtime,,1
CUS00579,2024-05-07,Mass Affluent,Mombasa,Mobile App,26-35,2024-05-28,2024-05-31,19,121956.41,3,Churned,Mobile Transfer,,1
CUS01416,2024-02-11,SME,Kisumu,Mobile App,36-45,2024-03-02,2024-08-16,100,4380594.42,5,Churned,Merchant Pay,,1
CUS01835,2024-03-23,Mass Market,Nairobi,USSD,36-45,,,0,0.0,0,Dormant,Bill Pay,,0
CUS01572,2024-08-28,SME,Kisumu,Agent,26-35,2024-09-17,2024-11-19,28,1202187.66,2,Dormant,Airtime,,1
CUS00401,2024-02-07,SME,Nairobi,Mobile App,46-55,2024-02-13,2024-04-04,79,0.0,4,Churned,Merchant Pay,Review Required,1
CUS01717,2024-09-29,Mass Affluent,Nairobi,USSD,36-45,2024-10-04,2024-11-22,13,0.0,1,Dormant,Mobile Transfer,Review Required,1
CUS01528,2024-10-02,Mass Market,Nairobi,USSD,18-25,2024-10-20,2024-12-24,2,1227.14,1,Active,Digital Loan,,1
CUS00123,2024-04-21,Mass Market,Nairobi,USSD,55+,2024-04-24,2024-10-18,9,13983.27,3,Dormant,Mobile Transfer,,1
CUS01470,2024-05-04,Mass Affluent,Kisumu,Agent,26-35,,,0,0.0,0,Dormant,Bill Pay,,0
CUS01666,2024-09-25,SME,Kisumu,USSD,26-35,2024-10-10,2024-12-16,14,726952.71,1,Active,Mobile Transfer,,1
CUS01208,2024-07-22,Mass Market,Nakuru,Agent,26-35,2024-08-09,2024-12-22,3,6768.45,1,Active,Digital Loan,,1
CUS01654,2024-06-26,Mass Market,Nakuru,Agent,36-45,,,0,0.0,0,Dormant,Digital Loan,,0
CUS00203,2024-05-09,Mass Affluent,Nairobi,Branch,18-25,2024-05-22,2024-10-03,40,226918.69,4,Dormant,Airtime,,1
CUS00905,2024-04-08,Mass Affluent,Nairobi,USSD,46-55,2024-04-19,2024-12-04,45,327463.76,4,Active,Airtime,,1
CUS01301,2024-08-21,Mass Affluent,Mombasa,USSD,36-45,2024-08-29,2024-11-14,12,130635.5,2,Dormant,Bill Pay,,1
CUS01463,2024-04-14,SME,Nairobi,Mobile App,36-45,,2024-08-16,59,2606756.0,5,Dormant,Mobile Transfer,,0
CUS01834,2024-04-21,Mass Affluent,Mombasa,Mobile App,26-35,2024-05-05,2024-08-19,33,369666.87,3,Churned,Airtime,,1
CUS00836,2024-07-30,Mass Market,Nakuru,Mobile App,26-35,2024-08-17,2024-10-24,5,6517.17,1,Dormant,Mobile Transfer,,1
CUS00801,2024-09-04,Mass Market,Eldoret,USSD,26-35,2024-09-19,2024-11-30,3,5765.73,1,Dormant,Digital Loan,,1
CUS00247,2024-04-09,Mass Market,Mombasa,USSD,18-25,2024-04-23,2024-06-28,5,7634.36,2,Churned,Mobile Transfer,,1
CUS01604,2024-02-04,SME,Mombasa,USSD,18-25,2024-02-20,2024-06-05,77,2950345.51,8,Churned,Mobile Transfer,,1
CUS01440,2024-01-25,Mass Market,Nairobi,Mobile App,18-25,2024-01-29,2024-09-22,6,9920.09,3,Churned,Mobile Transfer,,1
CUS01764,2024-03-16,SME,Nairobi,Mobile App,18-25,,,0,0.0,0,Dormant,Bill Pay,,0
CUS00161,2024-11-08,Mass Market,Mombasa,Mobile App,36-45,2024-11-20,2024-12-27,2,3840.53,1,Active,Mobile Transfer,,1
CUS01914,2024-05-05,Mass Market,Kisumu,Agent,36-45,,,0,0.0,0,Dormant,Mobile Transfer,,0
CUS00957,2024-08-26,Mass Market,Kisumu,Agent,26-35,2024-09-05,2024-09-19,4,9188.2,1,Churned,Bill Pay,,1
CUS01708,2024-08-07,Mass Market,Mombasa,Agent,36-45,2024-08-28,2024-08-30,3,2754.6,1,Churned,Mobile Transfer,,1
CUS01187,2024-07-09,Mass Market,Nairobi,Mobile App,26-35,2024-07-29,2024-12-15,2,2612.27,1,Active,Mobile Transfer,,1
CUS00407,2024-03-03,SME,Nakuru,Agent,46-55,,,0,0.0,0,Dormant,Mobile Transfer,,0
CUS01893,2024-03-15,Mass Affluent,Nairobi,Mobile App,46-55,2024-03-31,2024-08-30,27,311300.12,3,Churned,Airtime,,1
CUS00822,2024-02-16,SME,Kisumu,Mobile App,18-25,2024-03-06,2024-06-27,58,2986446.92,5,Churned,Bill Pay,,1
CUS01154,2024-01-26,Mass Market,Mombasa,Mobile App,Unknown,2024-01-27,2024-02-20,8,8639.04,3,Churned,Airtime,,1
CUS00503,2024-05-28,Mass Market,Nakuru,Mobile App,46-55,2024-06-06,2024-07-09,9,21521.35,2,Churned,Mobile Transfer,,1
CUS01692,2024-10-14,Mass Affluent,Mombasa,USSD,26-35,,,0,0.0,0,Dormant,Bill Pay,,0
CUS01662,2024-05-27,Corporate,Nakuru,Mobile App,36-45,2024-06-10,2024-12-15,54,7196026.71,4,Active,Digital Loan,,1
CUS01072,2024-04-30,SME,Eldoret,Mobile App,36-45,2024-05-09,2024-11-04,50,1267550.86,4,Dormant,Airtime,,1
CUS00878,2024-03-18,SME,Nakuru,Mobile App,36-45,2024-03-28,2024-07-22,118,1740981.19,6,Churned,Merchant Pay,,1
CUS01427,2024-10-26,Mass Affluent,Mombasa,Mobile App,36-45,2024-11-11,2024-12-17,7,89164.41,1,Active,Mobile Transfer,,1
CUS01057,2024-04-29,Mass Affluent,Mombasa,Agent,36-45,,,0,0.0,0,Dormant,Mobile Transfer,,0
CUS00385,2024-09-17,Mass Market,Eldoret,Mobile App,36-45,2024-09-24,2024-12-21,3,2145.1,1,Active,Bill Pay,,1
CUS00914,2024-08-23,Mass Affluent,Nairobi,Mobile App,18-25,2024-09-02,2024-11-11,5,67803.77,1,Dormant,Bill Pay,,1
CUS00930,2024-04-09,Mass Market,Nairobi,Agent,36-45,2024-04-13,2024-09-22,5,12417.12,2,Churned,Mobile Transfer,,1
CUS01778,2024-01-07,Mass Market,Kisumu,USSD,36-45,2024-01-11,2024-08-31,23,50101.92,4,Churned,Mobile Transfer,,1
CUS00153,2024-04-03,Mass Affluent,Mombasa,Agent,55+,2024-04-09,2024-04-30,28,123036.11,3,Churned,Bill Pay,,1
CUS00780,2024-08-18,Mass Affluent,Eldoret,Mobile App,18-25,2024-08-29,2024-09-13,26,220871.64,2,Churned,Merchant Pay,,1
CUS00855,2024-07-15,Mass Market,Kisumu,Mobile App,18-25,2024-07-16,2024-11-29,4,3957.67,1,Dormant,Airtime,,1
CUS01848,2024-07-08,SME,Nairobi,USSD,55+,2024-07-18,2024-12-16,38,1780306.71,2,Active,Airtime,,1
CUS01590,2024-01-14,Mass Market,Nakuru,Agent,46-55,2024-01-17,2024-03-31,11,29253.29,3,Churned,Airtime,,1
CUS00201,2024-03-17,Mass Affluent,Nairobi,Agent,26-35,,,0,0.0,0,Dormant,Digital Loan,,0
CUS01788,2024-05-11,Mass Market,Nakuru,Mobile App,26-35,,,0,0.0,0,Dormant,Airtime,,0
CUS00220,2024-09-02,Mass Market,Nairobi,Agent,46-55,2024-09-23,2024-12-01,3,2995.79,1,Active,Bill Pay,,1
CUS00135,2024-05-22,Mass Market,Nairobi,Mobile App,26-35,2024-05-31,2024-09-23,8,11176.65,2,Churned,Mobile Transfer,,1
CUS00510,2024-05-08,Mass Market,Mombasa,Mobile App,26-35,2024-05-25,2024-05-25,5,6413.99,1,Churned,Mobile Transfer,,1
CUS00642,2024-09-14,Mass Market,Nakuru,Mobile App,36-45,2024-09-28,2024-12-23,5,10277.74,1,Active,Mobile Transfer,,1
CUS01052,2024-01-02,Mass Market,Nakuru,Mobile App,36-45,2024-01-07,2024-01-27,22,38230.54,4,Churned,Bill Pay,,1
CUS00002,2024-03-18,Mass Affluent,Kisumu,Agent,36-45,,,0,0.0,0,Dormant,Bill Pay,,0
CUS01136,2024-09-16,Mass Market,Nakuru,Branch,26-35,,,0,0.0,0,Dormant,Bill Pay,,0
CUS00041,2024-03-14,Mass Market,Nairobi,Mobile App,26-35,2024-03-19,2024-08-06,16,28816.12,3,Churned,Mobile Transfer,,1
CUS00113,2024-07-16,Mass Market,Mombasa,Branch,18-25,,,0,0.0,0,Dormant,Mobile Transfer,,0
CUS01251,2024-03-15,Mass Market,Eldoret,USSD,26-35,2024-03-27,2024-09-12,7,7992.2,2,Churned,Airtime,,1
CUS01018,2024-04-10,Mass Market,Nairobi,USSD,18-25,2024-04-13,2024-11-09,10,22375.18,2,Dormant,Merchant Pay,,1
CUS00699,2024-02-09,Mass Market,Nairobi,Branch,26-35,,,0,0.0,0,Dormant,Merchant Pay,,0
CUS01674,2024-09-08,SME,Kisumu,Agent,26-35,2024-09-23,2024-09-30,10,304667.3,1,Churned,Bill Pay,,1
CUS00231,2024-06-01,Mass Affluent,Nairobi,Mobile App,36-45,2024-06-09,2024-07-01,25,351547.57,3,Churned,Merchant Pay,,1
CUS01928,2024-02-13,Mass Market,Nairobi,Mobile App,36-45,2024-02-28,2024-03-16,9,15266.21,4,Churned,Bill Pay,,1
CUS01514,2024-11-25,Mass Affluent,Kisumu,USSD,18-25,,,0,0.0,0,Dormant,Airtime,,0
CUS00104,2024-05-18,Mass Market,Kisumu,Branch,18-25,2024-06-07,2024-09-28,7,7704.0,2,Churned,Digital Loan,,1
CUS00952,2024-09-10,Mass Market,Mombasa,Agent,46-55,2024-09-14,2024-09-15,3,7347.95,1,,Bill Pay,,1
CUS01797,2024-08-03,Mass Market,Nairobi,Branch,36-45,,,0,0.0,0,Dormant,Merchant Pay,,0
CUS01446,2024-01-24,Mass Market,Nairobi,USSD,36-45,2024-02-10,2024-04-19,15,0.0,3,Churned,Airtime,Review Required,1
CUS01649,2024-07-30,Mass Market,Nairobi,Mobile App,26-35,2024-08-13,2024-10-07,5,5702.5,1,Dormant,Bill Pay,,1
CUS00379,2024-09-15,Mass Market,Nakuru,Mobile App,55+,,,0,0.0,0,Dormant,Mobile Transfer,,0
CUS01444,2024-11-09,Mass Market,Mombasa,Mobile App,26-35,2024-11-30,2024-12-23,3,2987.06,1,Active,Bill Pay,,1
CUS01637,2024-06-28,Mass Affluent,Kisumu,Mobile App,26-35,,,0,0.0,0,Dormant,Mobile Transfer,,0
CUS00289,2024-11-21,Mass Market,Kisumu,Mobile App,18-25,2024-11-29,2024-12-12,5,4583.5,1,Active,Digital Loan,,1
CUS01759,2024-03-25,Mass Market,Nairobi,USSD,18-25,,,0,0.0,0,Dormant,Digital Loan,,0
CUS00419,2024-03-24,Mass Affluent,Nairobi,Agent,18-25,2024-04-03,2024-05-30,55,456269.37,5,Churned,Airtime,,1
CUS01898,2024-05-30,Mass Affluent,Nairobi,Branch,55+,,,0,0.0,0,Dormant,Merchant Pay,,0
CUS01411,2024-07-07,Mass Market,Nairobi,Agent,26-35,,,0,0.0,0,Dormant,Digital Loan,,0
CUS00587,2024-10-27,Mass Market,Eldoret,USSD,26-35,2024-11-13,2024-11-24,3,6647.44,1,Dormant,Merchant Pay,,1
CUS01699,2024-07-21,Corporate,Mombasa,Mobile App,18-25,2024-08-06,2024-08-11,53,8964409.64,3,Churned,Mobile Transfer,,1
CUS01410,2024-07-11,SME,Kisumu,Mobile App,46-55,2024-07-15,2024-09-02,24,1248051.3,3,Churned,Merchant Pay,,1
CUS01780,2024-08-11,Mass Market,Nairobi,Mobile App,55+,2024-08-15,2024-08-19,3,4980.56,1,Churned,Bill Pay,,1
CUS00392,2024-10-13,Mass Affluent,Nairobi,Mobile App,36-45,2024-10-20,2024-12-18,6,63031.4,1,Active,Mobile Transfer,,1
CUS01534,2024-08-19,Corporate,Kisumu,USSD,36-45,2024-08-29,2024-09-19,46,8480582.71,2,Churned,Mobile Transfer,,1
CUS00593,2024-11-18,Mass Market,Eldoret,Mobile App,26-35,,,0,0.0,0,Dormant,Airtime,,0
CUS01144,2024-02-22,SME,Nairobi,USSD,26-35,2024-02-25,2024-03-18,57,2764568.44,7,Churned,Mobile Transfer,,1
CUS01292,2024-05-06,Corporate,Kisumu,Mobile App,18-25,2024-05-26,2024-12-24,70,5661962.09,5,Active,Airtime,,1
CUS01523,2024-02-02,Mass Market,Kisumu,USSD,46-55,2024-02-05,2024-05-02,17,29009.67,4,Churned,Mobile Transfer,,1
CUS00054,2024-02-19,Mass Market,Mombasa,Mobile App,26-35,,,0,0.0,0,Dormant,Merchant Pay,,0
CUS01820,2024-08-21,Mass Market,Eldoret,Mobile App,46-55,2024-09-01,2024-11-07,5,9188.7,1,Dormant,Bill Pay,,1
CUS01163,2024-08-17,Mass Market,Nairobi,USSD,46-55,2024-08-22,2024-09-14,3,7922.89,1,Churned,Merchant Pay,,1
CUS00152,2024-10-28,Mass Market,Kisumu,Branch,18-25,2024-11-03,2024-12-30,5,5181.84,1,Active,Mobile Transfer,,1
CUS00442,2024-05-31,Mass Affluent,Nairobi,Agent,26-35,,,0,0.0,0,Dormant,Airtime,,0
CUS01087,2024-01-18,SME,Eldoret,Mobile App,26-35,,,0,0.0,0,Dormant,Mobile Transfer,,0
CUS00404,2024-02-07,Mass Market,Mombasa,Mobile App,26-35,2024-02-22,2024-04-30,7,5032.97,3,Churned,Mobile Transfer,,1
CUS01521,2024-09-17,Mass Market,Nairobi,USSD,36-45,2024-09-21,2024-10-07,3,4983.68,1,Dormant,Merchant Pay,,1
CUS01496,2024-02-01,Mass Market,Nakuru,Mobile App,26-35,2024-02-15,2024-03-02,16,38956.93,4,Churned,Bill Pay,,1
CUS01137,2024-09-26,Mass Market,Nairobi,Agent,26-35,2024-09-29,2024-11-12,3,4307.27,1,Dormant,Digital Loan,,1
CUS01955,2024-11-08,Mass Market,Mombasa,Mobile App,18-25,,,0,0.0,0,Dormant,Merchant Pay,,0
CUS00648,2024-05-09,SME,Nairobi,USSD,36-45,2024-05-16,2024-10-06,76,2599246.62,5,Dormant,Mobile Transfer,,1
CUS01716,2024-03-05,Mass Affluent,Kisumu,Mobile App,36-45,2024-03-09,2024-09-09,41,499559.93,5,Churned,Digital Loan,,1
CUS00208,2024-03-03,Mass Affluent,Mombasa,Mobile App,46-55,2024-03-09,2024-12-12,66,682452.43,5,Active,Merchant Pay,,1
CUS01153,2024-03-02,Mass Affluent,Nairobi,USSD,26-35,2024-03-06,2024-11-26,54,482829.37,6,Dormant,Digital Loan,,1
CUS01257,2024-02-04,Mass Market,Nairobi,Mobile App,36-45,,,0,0.0,0,Dormant,Merchant Pay,,0
CUS01368,2024-11-10,Mass Market,Nairobi,Agent,55+,2024-11-16,2024-12-24,2,3288.86,1,Active,Merchant Pay,,1
CUS01907,2024-05-09,Mass Market,Nairobi,Mobile App,55+,2024-05-17,2024-07-17,4,0.0,2,Churned,Airtime,Review Required,1
CUS01875,2024-02-25,SME,Nairobi,Mobile App,55+,2024-02-29,2024-04-26,64,3045890.69,4,Churned,Merchant Pay,,1
CUS00521,2024-02-24,Mass Affluent,Nairobi,Agent,26-35,2024-03-15,2024-06-22,32,203677.15,4,Churned,Bill Pay,,1
CUS01123,2024-05-06,Mass Affluent,Eldoret,USSD,36-45,,,0,0.0,0,Dormant,Bill Pay,,0
CUS01632,2024-06-12,Mass Market,Nairobi,USSD,46-55,2024-06-15,2024-06-23,7,16781.06,2,Churned,Digital Loan,,1
CUS01863,2024-05-20,Corporate,Mombasa,Branch,26-35,,,0,0.0,0,Dormant,Mobile Transfer,,0
CUS01761,2024-04-10,Mass Market,Kisumu,Mobile App,18-25,,,0,0.0,0,Dormant,Bill Pay,,0
CUS01881,2024-07-19,SME,Nairobi,USSD,18-25,,,0,0.0,0,Dormant,Bill Pay,,0
CUS01696,2024-07-01,Mass Affluent,Nairobi,Mobile App,18-25,2024-07-08,2024-09-09,25,88061.82,3,Churned,Airtime,,1
CUS00009,2024-07-06,Mass Market,Nairobi,Agent,18-25,,,0,0.0,0,Dormant,Airtime,,0
CUS00065,2024-08-26,Mass Affluent,Nairobi,Mobile App,26-35,2024-09-12,2024-09-19,20,284735.43,2,Churned,Mobile Transfer,,1
CUS01398,2024-07-03,Mass Affluent,Mombasa,Mobile App,36-45,2024-07-19,2024-09-30,26,266584.41,3,Churned,Bill Pay,,1
CUS01837,2024-09-22,SME,Nairobi,USSD,18-25,,,0,0.0,0,Dormant,Merchant Pay,,0
CUS01015,2024-02-14,Mass Market,Nairobi,Agent,26-35,2024-02-21,2024-10-06,10,25937.76,3,Dormant,Bill Pay,,1
CUS00664,2024-11-25,Mass Market,Mombasa,Mobile App,18-25,2024-12-12,2024-12-14,2,3758.69,1,Active,Bill Pay,,1
CUS00015,2024-02-14,Mass Market,Eldoret,Mobile App,36-45,2024-03-05,2024-10-25,9,6146.06,4,Dormant,Airtime,,1
CUS01966,2024-08-12,SME,Nairobi,USSD,55+,,,0,0.0,0,Dormant,Bill Pay,,0
CUS01847,2024-11-23,SME,Nairobi,Branch,26-35,2024-12-09,2024-12-25,10,300868.92,1,Active,Mobile Transfer,,1
CUS01181,2024-11-02,Mass Market,Nairobi,Agent,26-35,2024-11-21,2024-12-09,3,6372.34,1,Active,Mobile Transfer,,1
CUS01061,2024-07-16,Mass Market,Kisumu,Mobile App,26-35,2024-07-17,2024-07-18,2,4469.3,1,Churned,Digital Loan,,1
CUS01258,2024-02-25,Mass Market,Mombasa,Mobile App,26-35,2024-03-11,2024-12-08,8,7800.96,3,Active,Digital Loan,,1
CUS01065,2024-03-08,Mass Affluent,Nairobi,Agent,36-45,2024-03-09,2024-07-13,31,128177.6,3,Churned,Mobile Transfer,,1
CUS00453,2024-05-18,Mass Market,Nairobi,Agent,46-55,,,0,0.0,0,Dormant,Airtime,,0
CUS01785,2024-08-25,Mass Affluent,Mombasa,USSD,36-45,2024-09-11,2024-09-11,15,186065.9,2,Churned,Digital Loan,,1
CUS00493,2024-03-23,SME,Kisumu,Mobile App,26-35,2024-03-27,2024-08-30,71,1137787.56,4,Churned,Airtime,,1
CUS00254,2024-07-01,Mass Market,Mombasa,Mobile App,46-55,2024-07-06,2024-08-04,8,16805.37,2,Churned,Digital Loan,,1
CUS01701,2024-08-04,Mass Affluent,Nairobi,Agent,36-45,2024-08-20,2024-10-13,10,83817.79,2,Dormant,Airtime,,1
CUS00380,2024-11-06,Mass Affluent,Kisumu,USSD,26-35,2024-11-09,2024-12-31,8,71456.62,1,Active,Digital Loan,,1
CUS01328,2024-07-23,Mass Market,,USSD,55+,2024-07-30,2024-08-16,4,5574.8,1,Churned,Airtime,,1
CUS00318,2024-08-10,Mass Market,Nakuru,Agent,36-45,2024-08-28,2024-12-26,4,3927.28,1,Active,Mobile Transfer,,1
CUS00188,2024-02-22,Mass Market,Mombasa,Mobile App,18-25,2024-02-29,2024-05-03,6,6452.95,2,Churned,Airtime,,1
CUS00649,2024-02-08,Mass Affluent,Kisumu,Agent,18-25,2024-02-11,2024-06-17,72,299573.31,6,Churned,Mobile Transfer,,1
CUS00764,2024-05-16,Mass Affluent,Nairobi,USSD,36-45,,,0,0.0,0,Dormant,Airtime,,0
CUS00897,2024-11-21,SME,Nairobi,Branch,26-35,,,0,0.0,0,Dormant,Mobile Transfer,,0
CUS01435,2024-11-16,Mass Market,Eldoret,Mobile App,36-45,2024-11-28,2024-12-15,5,9000.7,1,Active,Bill Pay,,1
CUS00217,2024-02-22,SME,Mombasa,Agent,18-25,2024-02-26,2024-08-10,79,1543377.86,6,Churned,Bill Pay,,1
CUS01744,2024-06-03,Mass Market,Mombasa,Agent,46-55,,,0,0.0,0,Dormant,Digital Loan,,0
CUS01480,2024-01-06,Mass Market,Nakuru,Mobile App,46-55,2024-01-13,2024-02-06,16,16115.63,4,Churned,Airtime,,1
CUS01077,2024-11-01,Mass Affluent,Nairobi,Agent,36-45,,,0,0.0,0,Dormant,Mobile Transfer,,0
CUS00710,2024-09-25,Mass Market,Nakuru,Agent,26-35,2024-10-16,2024-11-23,5,5118.1,1,Dormant,Mobile Transfer,,1
CUS00879,2024-09-24,Mass Market,Nairobi,Mobile App,26-35,2024-10-07,2024-12-21,5,5557.51,1,Active,Merchant Pay,,1
CUS01383,2024-01-19,Mass Market,Nairobi,Mobile App,18-25,2024-02-05,2024-10-26,14,9407.24,3,Dormant,Merchant Pay,,1
CUS00338,2024-08-03,Mass Affluent,Nairobi,Mobile App,46-55,2024-08-22,2024-11-11,10,34232.73,2,Dormant,Bill Pay,,1
CUS01283,2024-04-21,Mass Market,Kisumu,Mobile App,36-45,2024-05-10,2024-09-21,7,4597.37,2,Churned,Bill Pay,,1
CUS01773,2024-05-23,Mass Affluent,Mombasa,Agent,55+,2024-05-25,2024-11-25,30,229765.77,3,Dormant,Bill Pay,,1
CUS00881,2024-11-27,SME,Nairobi,Mobile App,26-35,2024-12-13,2024-12-27,7,325541.51,1,Active,Merchant Pay,,1
CUS01769,2024-04-10,Mass Affluent,Nairobi,Mobile App,26-35,2024-04-28,2024-12-07,22,290354.0,3,Active,Airtime,,1
CUS00720,2024-04-28,SME,Mombasa,Mobile App,26-35,2024-05-05,2024-08-31,85,1647342.05,5,Churned,Bill Pay,,1
CUS00973,2024-01-28,Mass Affluent,Nairobi,Mobile App,36-45,2024-02-16,2024-04-05,60,223522.91,5,Churned,Bill Pay,,1
CUS01596,2024-03-13,Mass Market,Nairobi,Mobile App,46-55,,2024-08-26,7,15795.96,3,Dormant,Mobile Transfer,,0
CUS01749,2024-06-16,Mass Market,Eldoret,USSD,26-35,2024-07-07,2024-11-25,4,9479.8,2,Dormant,Airtime,,1
CUS00628,2024-07-11,Mass Market,Nairobi,USSD,46-55,,,0,0.0,0,Dormant,Mobile Transfer,,0
CUS01901,2024-03-05,Mass Affluent,Nairobi,Mobile App,18-25,2024-03-22,2024-06-06,59,472013.77,5,Churned,Airtime,,1
CUS00296,2024-03-22,Mass Market,Nairobi,Agent,26-35,,,0,0.0,0,Dormant,Bill Pay,,0
CUS00633,2024-01-10,Mass Affluent,Nairobi,Agent,36-45,,2024-05-22,40,299132.94,6,Dormant,Airtime,,0
CUS00624,2024-03-09,Mass Market,Mombasa,USSD,36-45,2024-03-14,2024-04-12,10,12745.59,4,Churned,Digital Loan,,1
CUS01726,2024-03-20,Mass Market,Mombasa,Mobile App,26-35,2024-03-30,2024-07-17,6,14830.02,3,Churned,Airtime,,1
CUS01307,2024-06-06,Mass Market,Mombasa,Agent,18-25,2024-06-14,2024-06-29,3,3951.64,1,Churned,Bill Pay,,1
CUS00346,2024-08-13,SME,Nairobi,Mobile App,55+,2024-08-22,2024-09-29,22,759842.77,2,Churned,Bill Pay,,1
CUS01017,2024-08-30,SME,Mombasa,Mobile App,55+,2024-09-02,2024-10-24,14,0.0,2,Dormant,Mobile Transfer,Review Required,1
CUS01401,2024-09-23,Mass Market,Nakuru,USSD,26-35,2024-09-26,2024-12-21,4,2619.09,1,Active,Airtime,,1
CUS01409,2024-05-15,Mass Market,Mombasa,Mobile App,36-45,2024-05-17,2024-06-23,8,5102.06,2,Churned,Mobile Transfer,,1
CUS01276,2024-11-13,SME,Mombasa,Agent,26-35,2024-11-29,2024-12-30,8,451043.28,1,Active,Bill Pay,,1
CUS01713,2024-11-18,Mass Affluent,Nairobi,Mobile App,26-35,2024-11-26,2024-12-10,13,94749.45,1,Active,Mobile Transfer,,1
CUS01751,2024-09-24,Mass Market,Nairobi,Mobile App,46-55,2024-10-08,2024-11-29,3,7515.9,1,Dormant,Merchant Pay,,1
CUS00263,2024-08-16,Mass Market,Nairobi,Agent,26-35,,,0,0.0,0,Dormant,Airtime,,0
CUS01486,2024-11-26,Mass Affluent,Nairobi,Mobile App,26-35,2024-12-03,2024-12-21,5,63983.7,1,Active,Airtime,,1
CUS01635,2024-05-13,Mass Market,Eldoret,Branch,36-45,,,0,0.0,0,Dormant,Airtime,,0
CUS00456,2024-05-12,Mass Affluent,Nairobi,Mobile App,36-45,,,0,0.0,0,Dormant,Mobile Transfer,,0
CUS01249,2024-09-15,Mass Affluent,Mombasa,Mobile App,26-35,2024-09-18,2024-10-16,13,0.0,1,Dormant,Bill Pay,Review Required,1
CUS01322,2024-04-30,Mass Affluent,Nairobi,USSD,Unknown,,2024-05-22,14,122282.81,3,Dormant,Airtime,,0
CUS01965,2024-02-10,Mass Affluent,Nairobi,USSD,46-55,2024-02-15,2024-10-11,33,417716.69,5,Dormant,Digital Loan,,1
CUS01439,2024-07-05,Mass Market,Nairobi,Mobile App,18-25,2024-07-25,2024-12-03,11,12988.97,2,Active,Digital Loan,,1
CUS01255,2024-09-23,Mass Market,Eldoret,USSD,26-35,2024-10-12,2024-12-09,4,6844.49,1,Active,Airtime,,1
CUS00816,2024-08-18,Mass Market,Mombasa,Mobile App,55+,,,0,0.0,0,Dormant,Mobile Transfer,,0
CUS00151,2024-09-05,Mass Market,Nairobi,Mobile App,26-35,,,0,0.0,0,Dormant,Digital Loan,,0
CUS01497,2024-09-29,SME,Nairobi,Agent,26-35,,,0,0.0,0,Dormant,Mobile Transfer,,0
CUS01887,2024-11-20,Mass Market,Nakuru,Agent,46-55,,,0,0.0,0,Dormant,Mobile Transfer,,0
CUS00473,2024-02-15,Mass Affluent,Nairobi,USSD,26-35,2024-02-17,2024-07-04,53,173796.9,6,Churned,Bill Pay,,1
CUS00270,2024-08-28,Mass Affluent,,USSD,36-45,2024-09-13,2024-10-06,23,82734.21,2,Dormant,Mobile Transfer,,1
CUS01372,2024-05-10,Mass Affluent,Nakuru,USSD,36-45,2024-05-30,2024-06-11,16,103419.1,3,Churned,Mobile Transfer,,1
CUS00996,2024-07-12,Mass Market,Kisumu,Agent,18-25,2024-07-23,2024-09-08,3,6832.98,1,Churned,Mobile Transfer,,1
CUS00641,2024-02-05,Mass Affluent,Kisumu,Mobile App,26-35,2024-02-08,2024-11-11,42,290589.82,5,Dormant,Mobile Transfer,,1
CUS01530,2024-07-11,Mass Market,Mombasa,Agent,26-35,2024-07-18,2024-07-18,3,5699.61,1,Churned,Mobile Transfer,,1
CUS00202,2024-11-20,Mass Market,Kisumu,Mobile App,46-55,2024-11-22,2024-11-27,2,5040.82,1,Dormant,Bill Pay,,1
CUS01995,2024-07-10,Mass Affluent,Nairobi,Branch,55+,2024-07-22,2024-09-30,26,346339.07,2,Churned,Mobile Transfer,,1
CUS01664,2024-08-11,Mass Market,Nairobi,Mobile App,36-45,2024-08-15,2024-12-13,2,5089.85,1,Active,Mobile Transfer,,1
CUS00162,2024-10-16,SME,Kisumu,USSD,46-55,2024-10-23,2024-12-12,12,200151.18,1,Active,Digital Loan,,1
CUS01895,2024-11-23,Mass Market,Eldoret,Mobile App,18-25,2024-11-24,2024-12-24,3,8083.3,1,Active,Bill Pay,,1
CUS01580,2024-06-06,Mass Affluent,Kisumu,Branch,26-35,2024-06-27,2024-07-25,23,208168.51,2,Churned,Mobile Transfer,,1
CUS01355,2024-02-26,Mass Market,Mombasa,Branch,36-45,2024-03-11,2024-05-17,15,9164.46,3,Churned,Bill Pay,,1
CUS00551,2024-05-04,Mass Market,Eldoret,Mobile App,26-35,2024-05-06,2024-07-12,13,32896.33,3,Churned,Bill Pay,,1
CUS00730,2024-06-03,Mass Market,Nakuru,Agent,36-45,,2024-12-16,5,3769.53,2,Dormant,Mobile Transfer,,0
CUS01938,2024-04-17,Mass Market,Nairobi,Mobile App,26-35,2024-04-18,2024-12-26,12,25903.09,3,Active,Bill Pay,,1
CUS01791,2024-01-03,Mass Affluent,Nairobi,Mobile App,55+,2024-01-08,2024-06-25,56,251972.47,6,Churned,Bill Pay,,1
CUS00402,2024-05-03,Mass Market,Mombasa,Mobile App,18-25,2024-05-10,2024-10-25,17,25004.47,3,Dormant,Mobile Transfer,,1
CUS01913,2024-07-02,Mass Market,Nairobi,Mobile App,46-55,2024-07-14,2024-09-29,7,6256.31,2,Churned,Mobile Transfer,,1
CUS00703,2024-07-17,Mass Market,Mombasa,USSD,46-55,2024-07-21,2024-08-07,5,12408.07,1,Churned,Airtime,,1
CUS00929,2024-01-12,Mass Market,Nairobi,USSD,46-55,,,0,0.0,0,Dormant,Mobile Transfer,,0
CUS01644,2024-09-14,Mass Market,Eldoret,Branch,36-45,,,0,0.0,0,Dormant,Mobile Transfer,,0
CUS01501,2024-05-01,Mass Market,Mombasa,Branch,36-45,2024-05-07,2024-12-30,7,14376.75,3,Active,Bill Pay,,1
CUS00489,2024-01-23,Mass Market,Nairobi,Mobile App,18-25,2024-02-03,2024-11-15,9,15524.34,3,Dormant,Merchant Pay,,1
CUS01846,2024-01-09,Mass Market,Nairobi,USSD,46-55,2024-01-25,2024-05-06,21,55151.09,4,Churned,Mobile Transfer,,1
CUS00796,2024-11-30,SME,Nairobi,Agent,26-35,,,0,0.0,0,Dormant,Mobile Transfer,,0
CUS01823,2024-07-28,Mass Affluent,Nairobi,Agent,55+,,,0,0.0,0,Dormant,Bill Pay,,0
CUS01796,2024-11-27,Mass Affluent,Nairobi,Branch,26-35,2024-12-02,2024-12-03,13,80927.37,1,Active,Mobile Transfer,,1
CUS00646,2024-02-03,Mass Market,Nairobi,Branch,18-25,,,0,0.0,0,Dormant,Airtime,,0
CUS01172,2024-04-21,SME,Mombasa,Branch,36-45,,,0,0.0,0,Dormant,Mobile Transfer,,0
CUS01130,2024-04-06,SME,Nairobi,Branch,26-35,2024-04-22,2024-06-10,55,2562923.88,4,Churned,Airtime,,1
CUS01013,2024-06-07,SME,Kisumu,Mobile App,26-35,2024-06-22,2024-12-15,44,2599455.82,3,Active,Airtime,,1
CUS00147,2024-03-18,Mass Market,Mombasa,USSD,55+,,,0,0.0,0,Dormant,Airtime,,0
CUS00566,2024-01-18,Mass Affluent,Kisumu,Branch,18-25,,,0,0.0,0,Dormant,Digital Loan,,0
CUS01851,2024-07-29,Mass Affluent,Nairobi,Agent,26-35,2024-08-01,2024-11-18,13,43384.41,2,Dormant,Airtime,,1
CUS01825,2024-04-03,Mass Affluent,Eldoret,Mobile App,26-35,2024-04-14,2024-06-21,57,210087.6,6,Churned,Bill Pay,,1
CUS00557,2024-05-17,Mass Market,Kisumu,Branch,18-25,2024-06-03,2024-11-16,7,5995.66,2,Dormant,Bill Pay,,1
CUS01941,2024-05-08,SME,Nairobi,Mobile App,26-35,2024-05-27,2024-07-25,77,3952245.16,4,Churned,Digital Loan,,1
CUS00682,2024-04-21,Mass Market,Nakuru,Branch,18-25,2024-05-08,2024-09-05,5,5679.15,2,Churned,Mobile Transfer,,1
CUS00578,2024-04-12,Mass Affluent,Nairobi,USSD,36-45,,,0,0.0,0,Dormant,Digital Loan,,0
CUS01414,2024-07-03,Mass Market,Nairobi,Mobile App,36-45,2024-07-06,2024-12-25,5,7326.84,1,Active,Airtime,,1
CUS00403,2024-08-07,Mass Market,Mombasa,Branch,26-35,,,0,0.0,0,Dormant,Mobile Transfer,,0
CUS01110,2024-04-30,Mass Market,Nairobi,Mobile App,26-35,2024-05-01,2024-10-25,10,18373.15,2,Dormant,Digital Loan,,1
CUS01022,2024-04-08,Corporate,Mombasa,Branch,26-35,2024-04-10,2024-12-18,179,34985604.2,6,Active,Mobile Transfer,,1
CUS00955,2024-04-09,Mass Market,Nakuru,Mobile App,18-25,2024-04-10,2024-09-23,6,9164.46,3,Churned,Bill Pay,,1
CUS01026,2024-01-16,Mass Affluent,Kisumu,Mobile App,18-25,2024-01-17,2024-02-19,71,552728.0,7,Churned,Merchant Pay,,1
CUS01267,2024-01-28,Mass Market,Eldoret,Mobile App,36-45,2024-02-09,2024-06-11,6,6919.74,3,Churned,Mobile Transfer,,1
CUS01890,2024-11-24,Mass Affluent,,USSD,26-35,2024-12-14,2024-12-27,9,119261.34,1,Active,Airtime,,1
CUS01412,2024-10-22,Mass Market,Nairobi,USSD,26-35,,,0,0.0,0,Dormant,Mobile Transfer,,0
CUS01723,2024-10-24,Mass Market,Nairobi,USSD,18-25,2024-10-31,2024-12-27,4,5570.23,1,Active,Mobile Transfer,,1
CUS00660,2024-05-27,Mass Affluent,Nairobi,Mobile App,36-45,2024-06-05,2024-06-19,27,186750.49,3,Churned,Mobile Transfer,,1
CUS01896,2024-07-30,Mass Market,Nairobi,Mobile App,26-35,2024-07-31,2024-12-10,2,3147.12,1,Active,Airtime,,1
CUS01184,2024-01-06,SME,Nairobi,Agent,26-35,2024-01-22,2024-02-15,73,2327993.84,8,Churned,Bill Pay,,1
CUS01373,2024-09-14,Mass Market,Mombasa,Agent,26-35,2024-10-05,2024-12-09,2,1775.5,1,Active,Mobile Transfer,,1
CUS01586,2024-10-16,SME,Nairobi,Agent,18-25,2024-11-06,2024-11-06,10,295934.12,1,Dormant,Mobile Transfer,,1
CUS00525,2024-10-06,Corporate,Nairobi,Agent,36-45,,,0,0.0,0,Dormant,Airtime,,0
CUS00464,2024-02-15,Mass Affluent,Nairobi,Mobile App,46-55,2024-02-16,2024-10-05,24,330817.33,4,,Merchant Pay,,1
CUS01105,2024-04-29,Mass Affluent,Nairobi,USSD,26-35,2024-05-20,2024-10-25,47,352466.25,5,Dormant,Bill Pay,,1
CUS00206,2024-07-05,Mass Market,Mombasa,Mobile App,26-35,,,0,0.0,0,Dormant,Digital Loan,,0
CUS01350,2024-11-30,Mass Market,Mombasa,USSD,26-35,2024-12-12,2024-12-21,4,3775.93,1,Active,Merchant Pay,,1
CUS00541,2024-11-16,Mass Affluent,Mombasa,Mobile App,55+,2024-12-02,2024-12-08,12,39386.05,1,Active,Bill Pay,,1
CUS00035,2024-04-23,Mass Market,Kisumu,Mobile App,36-45,2024-05-08,2024-07-21,15,26854.72,3,Churned,Digital Loan,,1
CUS00187,2024-01-27,Mass Market,Nairobi,Branch,26-35,,,0,0.0,0,Dormant,Bill Pay,,0
CUS01195,2024-10-07,Mass Market,Nairobi,Mobile App,46-55,2024-10-17,2024-12-01,5,4231.41,1,Active,Merchant Pay,,1
CUS00776,2024-04-14,Mass Market,Kisumu,Mobile App,46-55,2024-04-23,2024-12-04,13,19685.52,3,Active,Mobile Transfer,,1
CUS01148,2024-08-17,Mass Market,Nairobi,Mobile App,26-35,2024-09-07,2024-10-29,4,3501.84,1,Dormant,Digital Loan,,1
CUS01679,2024-09-20,SME,Nairobi,Mobile App,26-35,2024-09-25,2024-12-01,10,325082.39,1,Active,Mobile Transfer,,1
CUS00509,2024-01-10,Mass Market,Nakuru,Branch,36-45,,,0,0.0,0,Dormant,Merchant Pay,,0
CUS01225,2024-07-26,Mass Market,Eldoret,Agent,36-45,2024-07-31,2024-12-25,4,9966.32,1,Active,Airtime,,1
CUS00749,2024-07-20,Mass Affluent,Nakuru,USSD,18-25,,,0,0.0,0,Dormant,Merchant Pay,,0
CUS01452,2024-06-04,SME,Kisumu,Mobile App,36-45,2024-06-22,2024-11-10,58,2366814.44,3,Dormant,Bill Pay,,1
CUS01880,2024-04-22,SME,Nairobi,Mobile App,46-55,2024-05-03,2024-06-29,32,1734724.11,4,Churned,Bill Pay,,1
CUS00609,2024-09-19,Mass Market,Mombasa,Mobile App,26-35,2024-09-24,2024-10-20,3,3802.26,1,Dormant,Mobile Transfer,,1
CUS01479,2024-05-15,SME,Nakuru,USSD,36-45,2024-05-26,2024-12-06,27,1613637.16,3,Active,Airtime,,1
CUS01431,2024-04-23,Mass Market,Nairobi,Mobile App,18-25,2024-05-01,2024-10-02,10,19672.81,2,Dormant,Digital Loan,,1
CUS00144,2024-03-18,Mass Market,Nairobi,USSD,26-35,2024-03-26,2024-06-12,6,8651.26,2,Churned,Merchant Pay,,1
CUS01983,2024-09-12,Corporate,Nairobi,Agent,26-35,2024-10-02,2024-10-05,56,7325945.28,2,Dormant,Mobile Transfer,,1
CUS00485,2024-08-01,Corporate,Nakuru,Mobile App,46-55,2024-08-07,2024-10-28,91,17438599.46,3,Dormant,Merchant Pay,,1
CUS01391,2024-07-11,SME,Kisumu,USSD,36-45,2024-07-22,2024-07-23,44,1927915.72,3,Churned,Airtime,,1
CUS00752,2024-02-09,Mass Affluent,Nairobi,USSD,18-25,2024-02-11,2024-12-29,19,130558.38,4,Active,Digital Loan,,1
CUS01758,2024-02-22,Mass Market,Nakuru,Mobile App,18-25,2024-02-24,2024-03-12,21,51302.32,4,Churned,Mobile Transfer,,1
CUS00092,2024-02-09,SME,Nairobi,Agent,26-35,2024-02-16,2024-03-15,66,2604263.46,4,Churned,Bill Pay,,1
CUS00096,2024-06-23,Mass Market,Nairobi,Branch,36-45,,,0,0.0,0,Dormant,Bill Pay,,0
CUS01364,2024-11-08,Mass Market,Nairobi,USSD,36-45,,,0,0.0,0,Dormant,Bill Pay,,0
CUS01021,2024-08-16,Mass Market,Mombasa,Mobile App,18-25,,,0,0.0,0,Dormant,Mobile Transfer,,0
CUS00898,2024-08-11,Mass Market,Nairobi,USSD,46-55,,,0,0.0,0,Dormant,Mobile Transfer,,0
CUS00564,2024-06-14,Mass Market,Mombasa,USSD,46-55,,,0,0.0,0,Dormant,Merchant Pay,,0
CUS00565,2024-05-05,Mass Market,Nairobi,Mobile App,26-35,2024-05-06,2024-11-27,7,17594.28,3,Dormant,Bill Pay,,1
CUS01265,2024-09-04,SME,Nairobi,Mobile App,46-55,2024-09-23,2024-09-23,38,856913.87,2,Churned,Merchant Pay,,1
CUS01370,2024-08-21,SME,Nairobi,Mobile App,36-45,,,0,0.0,0,Dormant,Merchant Pay,,0
CUS00344,2024-09-18,Mass Affluent,Eldoret,Agent,36-45,2024-09-20,2024-09-21,9,65351.07,1,Churned,Bill Pay,,1
CUS00743,2024-04-10,SME,Kisumu,Agent,26-35,2024-04-21,2024-07-26,55,3301387.65,4,Churned,Digital Loan,,1
CUS00777,2024-02-11,Mass Market,Eldoret,Mobile App,46-55,2024-02-20,2024-03-09,7,9614.79,2,Churned,Bill Pay,,1
CUS00864,2024-08-05,Mass Market,Nairobi,Mobile App,36-45,2024-08-16,2024-10-02,4,8591.1,1,Dormant,Bill Pay,,1
CUS00770,2024-08-07,Mass Market,Nairobi,USSD,26-35,,,0,0.0,0,Dormant,Merchant Pay,,0
CUS00242,2024-09-14,Mass Market,Mombasa,Branch,26-35,,,0,0.0,0,Dormant,Airtime,,0
CUS01599,2024-01-22,Corporate,Mombasa,Mobile App,36-45,2024-01-24,2024-10-25,216,0.0,8,Dormant,Digital Loan,Review Required,1
CUS01333,2024-08-08,Mass Affluent,Mombasa,USSD,18-25,2024-08-22,2024-09-25,11,57906.99,1,Churned,Digital Loan,,1
CUS00014,2024-01-20,Mass Market,Nakuru,Mobile App,36-45,2024-02-06,2024-12-22,17,32216.16,4,Active,Bill Pay,,1
CUS01715,2024-08-23,SME,Nairobi,Mobile App,18-25,,,0,0.0,0,Dormant,Airtime,,0
CUS01686,2024-09-12,Mass Market,Kisumu,Agent,26-35,2024-10-03,2024-12-24,3,3255.42,1,Active,Mobile Transfer,,1
CUS00316,2024-09-26,Mass Market,Nairobi,Agent,55+,,,0,0.0,0,Dormant,Airtime,,0
CUS01485,2024-10-31,Mass Market,Kisumu,Mobile App,55+,,,0,0.0,0,Dormant,Digital Loan,,0
CUS00601,2024-06-15,Mass Affluent,Nairobi,Mobile App,36-45,2024-06-27,2024-06-28,25,153617.92,2,Churned,Mobile Transfer,,1
CUS00131,2024-03-26,Mass Market,Eldoret,Mobile App,18-25,2024-04-07,2024-08-26,5,9412.94,2,Churned,Bill Pay,,1
CUS00892,2024-06-04,Mass Market,Nairobi,Agent,46-55,2024-06-16,2024-08-05,4,10787.04,2,Churned,Airtime,,1
CUS00388,2024-09-16,Mass Market,Nairobi,USSD,36-45,2024-09-19,2024-11-29,3,7210.93,1,Dormant,Merchant Pay,,1
CUS01688,2024-02-26,Mass Market,Kisumu,USSD,26-35,2024-03-11,2024-10-09,10,12711.05,2,Dormant,Bill Pay,,1
CUS01578,2024-04-29,Mass Affluent,Mombasa,USSD,36-45,2024-05-03,2024-06-27,32,205012.06,4,Churned,Mobile Transfer,,1
CUS01298,2024-03-01,Mass Market,Nairobi,USSD,18-25,,,0,0.0,0,Dormant,Merchant Pay,,0
CUS00872,2024-08-27,Mass Market,Kisumu,Mobile App,36-45,,,0,0.0,0,Dormant,Mobile Transfer,,0
CUS01039,2024-04-09,Mass Market,Mombasa,Mobile App,36-45,,2024-07-08,11,7642.47,2,Dormant,Airtime,,0
CUS00167,2024-01-28,Mass Affluent,Eldoret,Agent,36-45,,,0,0.0,0,Dormant,Merchant Pay,,0
CUS01124,2024-04-05,SME,Kisumu,USSD,26-35,2024-04-26,2024-07-04,28,1626372.39,4,Churned,Bill Pay,,1
CUS00207,2024-08-30,Mass Affluent,Eldoret,Mobile App,26-35,2024-09-15,2024-12-27,9,99636.17,2,Active,Mobile Transfer,,1
CUS00841,2024-06-22,SME,Mombasa,Mobile App,46-55,2024-07-11,2024-11-11,54,1129875.96,4,Dormant,Mobile Transfer,,1
CUS01397,2024-11-21,Mass Affluent,Mombasa,Agent,46-55,2024-11-22,2024-12-12,4,0.0,1,Active,Merchant Pay,Review Required,1
CUS00021,2024-10-09,Mass Affluent,Nairobi,USSD,36-45,2024-10-26,2024-12-16,5,61378.58,1,Active,Bill Pay,,1
CUS00393,2024-04-13,Mass Market,Nairobi,Agent,26-35,,,0,0.0,0,Dormant,Bill Pay,,0
CUS00088,2024-03-18,Mass Affluent,Kisumu,USSD,46-55,2024-04-04,2024-10-30,30,109624.1,4,Dormant,Digital Loan,,1
CUS00647,2024-08-30,Mass Market,Nairobi,USSD,26-35,,,0,0.0,0,Dormant,Airtime,,0
CUS00795,2024-05-10,Mass Affluent,Mombasa,Mobile App,26-35,2024-05-14,2024-06-18,24,121889.91,3,Churned,Digital Loan,,1
CUS01843,2024-04-14,Mass Affluent,Nairobi,USSD,55+,2024-04-15,2024-11-03,28,284089.34,3,Dormant,Airtime,,1
CUS01483,2024-10-14,SME,Nairobi,Agent,26-35,2024-10-31,2024-12-26,12,585117.27,1,Active,Mobile Transfer,,1
CUS00871,2024-09-27,Mass Market,Mombasa,Mobile App,36-45,2024-10-06,2024-11-07,3,5550.23,1,Dormant,Airtime,,1
CUS01509,2024-03-13,Mass Market,Nairobi,Agent,46-55,,,0,0.0,0,Dormant,Digital Loan,,0
CUS00331,2024-08-02,SME,Nairobi,Mobile App,26-35,2024-08-18,2024-12-11,31,919727.89,3,Active,Airtime,,1
CUS00398,2024-07-19,Mass Market,Mombasa,USSD,36-45,2024-07-22,2024-12-12,7,4408.61,2,Active,Airtime,,1
CUS01155,2024-04-07,Mass Affluent,Nairobi,Mobile App,46-55,2024-04-09,2024-07-26,26,336398.75,3,Churned,Airtime,,1
CUS01239,2024-01-08,Mass Market,Nakuru,Mobile App,55+,2024-01-18,2024-12-27,12,14774.8,3,Active,Airtime,,1
CUS00767,2024-06-10,SME,Nairobi,Mobile App,26-35,,,0,0.0,0,Dormant,Digital Loan,,0
CUS01529,2024-01-04,Mass Market,Nakuru,Mobile App,26-35,2024-01-07,2024-12-30,13,32657.81,5,Active,Bill Pay,,1
CUS00467,2024-04-03,Mass Market,Nairobi,Agent,36-45,2024-04-16,2024-11-15,10,11320.17,2,Dormant,Mobile Transfer,,1
CUS01853,2024-04-17,Mass Affluent,Eldoret,Mobile App,36-45,2024-04-23,2024-07-22,43,274821.44,4,Churned,Digital Loan,,1
CUS00832,2024-04-13,Mass Market,Nairobi,Agent,26-35,,,0,0.0,0,Dormant,Merchant Pay,,0
CUS00122,2024-01-31,Mass Affluent,Kisumu,Mobile App,26-35,2024-02-17,2024-07-13,28,217092.21,4,Churned,Bill Pay,,1
CUS01242,2024-03-13,Mass Market,Eldoret,Mobile App,26-35,2024-03-28,2024-09-09,10,8048.21,3,Churned,Merchant Pay,,1
CUS01268,2024-11-07,Mass Market,Mombasa,Mobile App,18-25,2024-11-22,2024-11-28,2,4117.01,1,Dormant,Mobile Transfer,,1
CUS01029,2024-05-06,Mass Affluent,Kisumu,USSD,26-35,,,0,0.0,0,Dormant,Bill Pay,,0
CUS01591,2024-02-27,Mass Market,Eldoret,Branch,55+,,,0,0.0,0,Dormant,Bill Pay,,0
CUS01639,2024-05-24,Mass Affluent,Mombasa,Mobile App,26-35,2024-06-09,2024-12-08,37,489967.49,3,Active,Merchant Pay,,1
CUS01793,2024-08-08,Mass Market,Nairobi,Agent,36-45,2024-08-25,2024-09-19,2,1412.05,1,Churned,Mobile Transfer,,1
CUS01900,2024-11-28,Mass Market,Nairobi,Mobile App,26-35,2024-12-13,2024-12-27,2,2901.11,1,Active,Bill Pay,,1
CUS01045,2024-06-20,Mass Market,Nairobi,Mobile App,36-45,,,0,0.0,0,Dormant,Mobile Transfer,,0
CUS00643,2024-10-01,Mass Market,Kisumu,USSD,26-35,2024-10-07,2024-11-13,2,3843.3,1,Dormant,Mobile Transfer,,1
CUS00563,2024-10-07,Mass Market,Nairobi,USSD,46-55,2024-10-14,2024-10-16,4,9091.04,1,Dormant,Bill Pay,,1
CUS01725,2024-09-24,Mass Market,Kisumu,Branch,36-45,,,0,0.0,0,Dormant,Mobile Transfer,,0
CUS01904,2024-04-27,SME,Nairobi,Branch,55+,,,0,0.0,0,Dormant,Bill Pay,,0
CUS01964,2024-09-28,Mass Market,Nairobi,Mobile App,18-25,2024-10-07,2024-12-28,2,2955.24,1,Active,Merchant Pay,,1
CUS01096,2024-05-15,Mass Market,Mombasa,USSD,18-25,2024-05-25,2024-12-10,11,12060.54,2,Active,Mobile Transfer,,1
CUS00687,2024-08-25,Mass Market,Kisumu,Mobile App,36-45,2024-09-03,2024-10-14,5,12996.21,1,Dormant,Bill Pay,,1
CUS01131,2024-06-16,Mass Affluent,Mombasa,USSD,26-35,2024-06-24,2024-12-23,40,212077.03,3,Active,Bill Pay,,1
CUS00958,2024-04-23,Mass Market,Nairobi,Agent,26-35,2024-05-14,2024-11-15,11,7181.12,2,Dormant,Mobile Transfer,,1
CUS00190,2024-10-17,SME,Mombasa,Agent,18-25,,,0,0.0,0,Dormant,Mobile Transfer,,0
CUS01295,2024-10-14,Mass Market,Nairobi,Mobile App,36-45,2024-10-24,2024-11-02,3,2225.95,1,Dormant,Merchant Pay,,1
CUS00613,2024-03-12,Mass Market,Nairobi,Branch,18-25,2024-03-24,2024-04-14,10,25857.14,2,Churned,Bill Pay,,1
CUS01807,2024-08-09,Mass Affluent,Nairobi,Mobile App,18-25,2024-08-26,2024-12-26,9,109285.45,2,Active,Airtime,,1
CUS00861,2024-01-12,Mass Affluent,Kisumu,Mobile App,46-55,2024-01-21,2024-02-21,64,400337.7,6,Churned,Merchant Pay,,1
CUS01763,2024-03-18,Mass Market,Nairobi,Agent,26-35,,,0,0.0,0,Dormant,Airtime,,0
CUS00976,2024-11-01,Mass Market,Nairobi,Mobile App,36-45,2024-11-20,2024-12-09,3,5489.77,1,Active,Airtime,,1
CUS01460,2024-06-03,Corporate,Nakuru,USSD,18-25,2024-06-08,2024-09-04,156,18833559.53,5,Churned,Bill Pay,,1
CUS00961,2024-02-25,Corporate,Mombasa,USSD,55+,2024-03-11,2024-10-19,193,32528163.34,6,Dormant,Merchant Pay,,1
CUS00700,2024-09-16,Mass Market,Nairobi,Agent,46-55,,,0,0.0,0,Dormant,Merchant Pay,,0
CUS01571,2024-10-01,Mass Market,Nairobi,Mobile App,46-55,2024-10-14,2024-11-05,2,4859.42,1,Dormant,Bill Pay,,1
CUS01127,2024-03-19,Mass Market,Mombasa,USSD,36-45,2024-03-21,2024-06-21,11,24878.33,2,Churned,Airtime,,1
CUS01500,2024-04-05,Mass Affluent,Nairobi,USSD,18-25,2024-04-17,2024-12-09,45,415975.1,5,Active,Digital Loan,,1
CUS00726,2024-01-02,Mass Market,Nairobi,Mobile App,26-35,2024-01-10,2024-07-10,14,33956.77,5,Churned,Airtime,,1
CUS01706,2024-06-04,Mass Market,Nairobi,Mobile App,55+,2024-06-18,2024-12-09,7,14602.53,2,Active,Airtime,,1
CUS00684,2024-05-28,Mass Market,Eldoret,Mobile App,36-45,2024-06-17,2024-09-12,5,10819.81,2,,Merchant Pay,,1
CUS00511,2024-01-19,Mass Market,Nairobi,USSD,46-55,2024-01-24,2024-11-21,12,31827.25,3,Dormant,Mobile Transfer,,1
CUS00099,2024-09-11,Mass Market,Kisumu,Agent,36-45,,,0,0.0,0,Dormant,Airtime,,0
CUS01083,2024-05-06,Mass Market,Nakuru,Mobile App,26-35,,2024-12-17,8,13149.3,2,Dormant,Airtime,,0
CUS00805,2024-03-26,SME,Nairobi,USSD,26-35,2024-04-15,2024-05-17,44,2146247.32,4,Churned,Merchant Pay,,1
CUS00475,2024-02-12,Mass Affluent,Eldoret,Agent,36-45,,,0,0.0,0,Dormant,Airtime,,0
CUS01752,2024-06-27,Mass Affluent,Nairobi,Mobile App,26-35,2024-06-28,2024-07-31,17,243884.28,3,Churned,Bill Pay,,1
CUS01585,2024-02-09,Mass Market,Kisumu,Mobile App,26-35,2024-02-11,2024-10-11,10,9722.18,3,Dormant,Merchant Pay,,1
CUS01598,2024-01-16,SME,Nakuru,Mobile App,36-45,2024-01-23,2024-03-21,99,5279646.42,6,Churned,Mobile Transfer,,1
CUS00857,2024-11-26,Mass Affluent,Kisumu,USSD,36-45,2024-12-13,2024-12-14,9,58341.76,1,Active,Mobile Transfer,,1
CUS00748,2024-02-03,Mass Market,Kisumu,Agent,55+,,,0,0.0,0,Dormant,Merchant Pay,,0
CUS00253,2024-09-09,Mass Affluent,Nairobi,Agent,46-55,,,0,0.0,0,Dormant,Airtime,,0
CUS00022,2024-08-05,Corporate,Eldoret,USSD,18-25,2024-08-06,2024-09-14,72,23203282.55,3,Churned,Airtime,,1
CUS01338,2024-09-18,Mass Market,Nairobi,USSD,46-55,,,0,0.0,0,Dormant,Bill Pay,,0
CUS00460,2024-09-20,Mass Market,Kisumu,USSD,36-45,2024-09-28,2024-11-17,5,12260.59,1,Dormant,Digital Loan,,1
CUS01185,2024-06-16,Mass Affluent,Eldoret,Mobile App,46-55,2024-07-07,2024-12-28,26,0.0,2,Active,Bill Pay,Review Required,1
CUS00277,2024-01-01,Mass Market,Kisumu,Agent,26-35,2024-01-14,2024-09-17,16,20872.97,5,Churned,Mobile Transfer,,1
CUS00956,2024-04-28,Mass Affluent,Nairobi,Branch,55+,2024-05-06,2024-07-18,16,171326.53,3,Churned,Merchant Pay,,1
CUS01216,2024-10-17,Mass Affluent,Nairobi,Branch,46-55,2024-10-19,2024-12-03,10,77213.57,1,Active,Mobile Transfer,,1
CUS00386,2024-09-30,Mass Affluent,Nairobi,Mobile App,36-45,2024-10-19,2024-11-06,8,30088.55,1,Dormant,Airtime,,1
CUS00806,2024-11-25,Mass Market,Nairobi,Mobile App,36-45,2024-12-02,2024-12-05,2,3331.35,1,Active,Digital Loan,,1
CUS01438,2024-09-19,Mass Market,Nakuru,USSD,36-45,2024-10-05,2024-10-12,5,11429.75,1,Dormant,Bill Pay,,1
CUS01516,2024-11-27,Mass Market,Kisumu,Mobile App,26-35,2024-12-11,2024-12-27,5,11026.61,1,Active,Mobile Transfer,,1
CUS01428,2024-06-09,Mass Affluent,Nairobi,Mobile App,26-35,2024-06-24,2024-06-29,23,215847.93,3,Churned,Bill Pay,,1
CUS00105,2024-08-30,Mass Affluent,Nairobi,Mobile App,26-35,2024-09-03,2024-11-05,9,41203.36,2,Dormant,Digital Loan,,1
CUS00689,2024-08-26,Mass Affluent,Kisumu,USSD,55+,2024-09-08,2024-12-03,10,57440.01,2,Active,Bill Pay,,1
CUS01314,2024-09-14,Mass Market,Mombasa,USSD,36-45,,,0,0.0,0,Dormant,Airtime,,0
CUS00827,2024-06-12,SME,Kisumu,Agent,36-45,2024-06-22,2024-12-14,35,1256434.36,2,Active,Mobile Transfer,,1
CUS00063,2024-08-06,Mass Market,Nairobi,Branch,26-35,,2024-08-22,2,3521.91,1,Dormant,Airtime,,0
CUS00853,2024-05-18,Mass Market,Kisumu,Mobile App,36-45,2024-05-28,2024-08-31,7,9159.62,2,Churned,Bill Pay,,1
CUS01362,2024-02-03,Mass Affluent,Mombasa,Mobile App,26-35,2024-02-11,2024-11-17,34,294225.77,5,Dormant,Mobile Transfer,,1
CUS00224,2024-04-15,Mass Market,Nairobi,USSD,26-35,2024-05-06,2024-06-01,11,22356.06,2,Churned,Airtime,,1
CUS00146,2024-03-31,Mass Market,Nairobi,Branch,36-45,2024-04-17,2024-10-21,7,9531.94,3,Dormant,Merchant Pay,,1
CUS01089,2024-10-09,Mass Market,Kisumu,Agent,36-45,,,0,0.0,0,Dormant,Mobile Transfer,,0
CUS00374,2024-01-15,Mass Market,Nairobi,Agent,26-35,,,0,0.0,0,Dormant,Mobile Transfer,,0
CUS01429,2024-01-01,SME,Nairobi,Agent,55+,,,0,0.0,0,Dormant,Mobile Transfer,,0
CUS01143,2024-01-19,Corporate,Nairobi,Mobile App,55+,2024-01-26,2024-11-18,89,25678575.15,7,Dormant,Bill Pay,,1
CUS01838,2024-06-27,SME,Mombasa,Agent,46-55,,,0,0.0,0,Dormant,Airtime,,0
CUS01504,2024-02-23,Mass Affluent,Nairobi,Mobile App,26-35,2024-03-10,2024-07-11,30,268770.66,4,Churned,Bill Pay,,1
CUS01611,2024-02-03,Mass Affluent,Nairobi,USSD,18-25,2024-02-06,2024-12-08,57,674119.39,5,Active,Bill Pay,,1
CUS01279,2024-04-10,SME,Kisumu,Mobile App,26-35,2024-04-23,2024-11-10,55,2222301.27,4,Dormant,Mobile Transfer,,1
CUS00010,2024-10-25,Mass Market,Kisumu,Branch,26-35,2024-11-15,2024-12-20,5,7188.22,1,Active,Mobile Transfer,,1
CUS00450,2024-05-19,Mass Affluent,Nairobi,Mobile App,36-45,2024-05-22,2024-11-07,31,0.0,3,Dormant,Bill Pay,Review Required,1
CUS00709,2024-03-13,Mass Market,Mombasa,Mobile App,36-45,2024-04-02,2024-11-09,8,19636.25,3,Dormant,Airtime,,1
CUS00256,2024-01-15,Mass Affluent,Nairobi,Mobile App,26-35,,,0,0.0,0,Dormant,Digital Loan,,0
CUS00883,2024-02-13,Corporate,Nairobi,Mobile App,26-35,2024-02-17,2024-04-03,221,57566576.95,8,Churned,Bill Pay,,1
CUS00390,2024-09-24,Mass Affluent,Kisumu,Branch,55+,,,0,0.0,0,Dormant,Merchant Pay,,0
CUS00909,2024-11-03,Mass Market,Kisumu,Mobile App,36-45,2024-11-11,2024-12-15,5,10229.04,1,Active,Mobile Transfer,,1
CUS00925,2024-07-29,Mass Market,Nairobi,USSD,18-25,2024-07-30,2024-09-03,6,13593.34,2,Churned,Airtime,,1
CUS01714,2024-04-29,Mass Affluent,Nairobi,USSD,26-35,2024-05-13,2024-06-20,34,416174.02,4,Churned,Mobile Transfer,,1
CUS01240,2024-01-27,Mass Market,Mombasa,Agent,26-35,,,0,0.0,0,Dormant,Bill Pay,,0
CUS00461,2024-10-19,Mass Market,Nairobi,Mobile App,36-45,2024-10-30,2024-11-11,4,10703.83,1,Dormant,Bill Pay,,1
CUS01730,2024-03-27,Mass Market,Nairobi,USSD,18-25,,,0,0.0,0,Dormant,Bill Pay,,0
CUS01711,2024-03-28,Mass Market,Nairobi,Mobile App,26-35,2024-04-07,2024-09-18,9,20418.82,2,Churned,Digital Loan,,1
CUS01169,2024-11-01,Mass Affluent,Nakuru,Mobile App,36-45,2024-11-09,2024-12-02,11,132479.4,1,Active,Merchant Pay,,1
CUS00959,2024-05-15,SME,Mombasa,USSD,36-45,,,0,0.0,0,Dormant,Mobile Transfer,,0
CUS00502,2024-04-15,Mass Market,Nairobi,Mobile App,18-25,2024-04-16,2024-11-08,14,25388.0,3,Dormant,Bill Pay,,1
CUS00740,2024-06-22,Mass Affluent,Mombasa,Agent,26-35,2024-07-10,2024-08-08,22,301512.27,3,Churned,Mobile Transfer,,1
CUS01861,2024-01-29,Mass Market,Nairobi,USSD,26-35,2024-02-09,2024-07-13,19,0.0,4,Churned,Mobile Transfer,Review Required,1
CUS00869,2024-02-07,Mass Market,Eldoret,Branch,18-25,2024-02-13,2024-08-22,14,14053.67,4,Churned,Bill Pay,,1
CUS00732,2024-08-01,Corporate,Mombasa,USSD,46-55,2024-08-14,2024-08-15,63,17786246.9,3,Churned,Airtime,,1
CUS00540,2024-02-06,SME,Nairobi,Branch,36-45,2024-02-25,2024-12-07,47,1402712.2,6,Active,Mobile Transfer,,1
CUS01202,2024-03-20,Mass Affluent,Nakuru,Agent,26-35,2024-04-07,2024-06-30,41,397638.65,5,Churned,Mobile Transfer,,1
CUS00698,2024-08-22,SME,Mombasa,USSD,26-35,2024-09-03,2024-09-28,7,352199.37,1,Churned,Digital Loan,,1
CUS01783,2024-11-19,SME,Nairobi,Branch,26-35,2024-11-25,2024-12-01,12,612663.99,1,Active,Merchant Pay,,1
CUS01385,2024-04-03,Mass Market,Kisumu,Mobile App,55+,2024-04-14,2024-05-10,7,5760.05,3,Churned,Digital Loan,,1
CUS01146,2024-08-31,Mass Market,Nairobi,Mobile App,36-45,2024-09-09,2024-11-15,3,5363.26,1,Dormant,Mobile Transfer,,1
CUS01032,2024-01-21,Mass Market,Nakuru,Agent,18-25,2024-02-04,2024-10-03,12,30385.9,4,Dormant,Bill Pay,,1
CUS00373,2024-10-14,Mass Market,Nairobi,Agent,18-25,,,0,0.0,0,Dormant,Mobile Transfer,,0
CUS00668,2024-03-16,Mass Market,Nairobi,USSD,26-35,2024-03-30,2024-07-21,9,18035.24,3,Churned,Airtime,,1
CUS01700,2024-02-14,Mass Market,Nairobi,USSD,46-55,2024-03-06,2024-12-31,11,10400.64,3,Active,Bill Pay,,1
CUS00358,2024-06-15,Mass Market,Nairobi,Mobile App,18-25,2024-06-27,2024-08-02,7,7451.99,2,Churned,Mobile Transfer,,1
CUS00968,2024-08-01,Mass Market,Kisumu,Agent,36-45,,,0,0.0,0,Dormant,Mobile Transfer,,0
CUS00784,2024-05-26,Mass Market,Nairobi,USSD,26-35,2024-06-08,2024-09-29,6,9980.42,2,Churned,Digital Loan,,1
CUS00736,2024-03-02,Mass Market,Nakuru,Agent,18-25,2024-03-14,2024-12-31,10,12859.02,3,Active,Mobile Transfer,,1
CUS01036,2024-02-02,Mass Market,Nairobi,Mobile App,26-35,2024-02-20,2024-12-05,15,21584.65,3,Active,Airtime,,1
CUS00971,2024-03-15,SME,Kisumu,Mobile App,18-25,2024-03-18,2024-04-28,36,896405.81,4,Churned,Bill Pay,,1
CUS01754,2024-04-30,Mass Market,Mombasa,Agent,26-35,2024-05-11,2024-07-23,11,10571.8,2,Churned,Airtime,,1
CUS01762,2024-07-15,Mass Market,Mombasa,USSD,46-55,,,0,0.0,0,Dormant,Airtime,,0
CUS01533,2024-02-11,Mass Market,Mombasa,Agent,36-45,,,0,0.0,0,Dormant,Bill Pay,,0
CUS01359,2024-05-27,SME,Kisumu,Agent,18-25,2024-05-29,2024-08-22,61,3329621.28,4,Churned,Mobile Transfer,,1
CUS01969,2024-03-01,Mass Affluent,Mombasa,Agent,36-45,2024-03-06,2024-07-20,36,421049.87,6,Churned,Mobile Transfer,,1
CUS01652,2024-09-22,Mass Market,Mombasa,Branch,46-55,2024-10-03,2024-11-13,2,2163.74,1,Dormant,Merchant Pay,,1
CUS01253,2024-05-25,Mass Affluent,Eldoret,Branch,46-55,2024-06-13,2024-11-07,32,239481.59,3,Dormant,Merchant Pay,,1
CUS01704,2024-07-09,Mass Affluent,Mombasa,Mobile App,26-35,,2024-12-13,18,226946.19,2,Dormant,Mobile Transfer,,0
CUS01960,2024-06-01,Corporate,Mombasa,Agent,36-45,2024-06-02,2024-07-07,97,17184016.64,4,Churned,Merchant Pay,,1
CUS01237,2024-03-24,Mass Market,Nakuru,USSD,36-45,2024-04-07,2024-06-10,4,5302.82,2,Churned,Mobile Transfer,,1
CUS00886,2024-01-01,Mass Affluent,Nairobi,Mobile App,26-35,2024-01-07,2024-06-03,46,205928.82,5,Churned,Mobile Transfer,,1
CUS00080,2024-05-27,Mass Market,Eldoret,USSD,36-45,2024-06-06,2024-08-26,5,8155.57,2,Churned,Mobile Transfer,,1
CUS01173,2024-01-20,Mass Market,Nairobi,Mobile App,36-45,2024-02-09,2024-09-05,14,8630.94,3,Churned,Mobile Transfer,,1
CUS00815,2024-06-19,Mass Market,Eldoret,Mobile App,18-25,,,0,0.0,0,Dormant,Mobile Transfer,,0
CUS01294,2024-01-22,Mass Market,Nairobi,Mobile App,26-35,2024-02-06,2024-11-04,9,0.0,3,Dormant,Bill Pay,Review Required,1
CUS00672,2024-06-04,Mass Market,Nairobi,Mobile App,46-55,2024-06-22,2024-09-06,7,13304.39,2,Churned,Bill Pay,,1
CUS01541,2024-01-20,Mass Market,Mombasa,Mobile App,26-35,,,0,0.0,0,Dormant,Mobile Transfer,,0
CUS00058,2024-01-31,Mass Affluent,Nairobi,Mobile App,55+,,,0,0.0,0,Dormant,Mobile Transfer,,0
CUS00134,2024-10-08,Mass Market,Nakuru,USSD,26-35,2024-10-26,2024-11-14,3,7865.28,1,Dormant,Mobile Transfer,,1
CUS01141,2024-11-30,Mass Affluent,Nairobi,Branch,18-25,2024-12-03,2024-12-23,11,40541.49,1,Active,Digital Loan,,1
CUS00934,2024-02-11,Mass Affluent,Eldoret,Mobile App,18-25,2024-02-18,2024-04-10,62,647006.7,5,Churned,Airtime,,1
CUS01695,2024-06-16,Mass Market,Mombasa,Mobile App,18-25,2024-06-30,2024-07-23,6,11622.03,2,Churned,Bill Pay,,1
CUS00824,2024-06-24,Mass Affluent,Mombasa,Mobile App,55+,,,0,0.0,0,Dormant,Merchant Pay,,0
CUS01215,2024-06-08,Mass Affluent,Nairobi,Mobile App,26-35,2024-06-10,2024-12-17,22,196863.93,3,Active,Digital Loan,,1
CUS00505,2024-09-13,Mass Market,Mombasa,USSD,18-25,,,0,0.0,0,Dormant,Digital Loan,,0
CUS01786,2024-01-12,SME,Nakuru,Agent,36-45,2024-01-25,2024-03-24,167,8940858.82,8,Churned,Mobile Transfer,,1
CUS00348,2024-11-07,Mass Market,Nairobi,Mobile App,18-25,2024-11-24,2024-12-18,3,5648.72,1,Active,Bill Pay,,1
CUS00387,2024-09-01,SME,Kisumu,USSD,26-35,2024-09-08,2024-10-13,14,874234.94,2,Dormant,Merchant Pay,,1
CUS01025,2024-08-30,Mass Market,Nakuru,Branch,55+,,,0,0.0,0,Dormant,Mobile Transfer,,0
CUS00895,2024-05-08,Mass Market,Mombasa,Mobile App,46-55,2024-05-10,2024-06-23,7,7103.62,2,Churned,Digital Loan,,1
CUS00829,2024-07-07,SME,Mombasa,Mobile App,26-35,2024-07-13,2024-12-25,41,2562586.67,3,Active,Merchant Pay,,1
CUS01905,2024-05-16,Mass Market,Eldoret,Mobile App,18-25,2024-05-22,2024-12-11,9,13126.78,2,Active,Bill Pay,,1
CUS00476,2024-11-07,Mass Market,Nairobi,USSD,46-55,2024-11-16,2024-11-17,2,4446.08,1,Dormant,Mobile Transfer,,1
CUS01774,2024-04-15,Mass Market,Nairobi,Mobile App,26-35,2024-04-24,2024-12-28,6,12877.05,2,Active,Bill Pay,,1
CUS01456,2024-09-30,Mass Affluent,Kisumu,Mobile App,36-45,2024-10-21,2024-11-03,12,105932.18,1,Dormant,Mobile Transfer,,1
CUS01405,2024-10-01,Mass Market,Nairobi,Mobile App,36-45,2024-10-15,2024-12-13,4,4762.99,1,Active,Mobile Transfer,,1
CUS00653,2024-04-28,Mass Market,Mombasa,Mobile App,26-35,2024-04-30,2024-05-16,9,10419.03,3,Churned,Bill Pay,,1
CUS00173,2024-07-20,SME,Nairobi,Mobile App,26-35,2024-07-31,2024-09-19,31,631265.08,3,Churned,Mobile Transfer,,1
CUS01150,2024-01-21,Mass Affluent,Nairobi,Agent,36-45,2024-02-09,2024-04-18,77,282850.36,7,Churned,Merchant Pay,,1
CUS00039,2024-05-28,Mass Affluent,Nairobi,Branch,46-55,2024-06-10,2024-10-03,39,516223.44,4,Dormant,Mobile Transfer,,1
CUS00714,2024-11-04,Corporate,Nairobi,Mobile App,18-25,2024-11-25,2024-12-18,27,7853071.67,1,Active,Bill Pay,,1
CUS00091,2024-01-21,SME,Mombasa,Mobile App,26-35,2024-01-27,2024-05-04,77,3748369.44,5,Churned,Airtime,,1
CUS01949,2024-06-26,Mass Affluent,Mombasa,Mobile App,18-25,2024-07-03,2024-07-29,12,154325.09,2,Churned,Airtime,,1
CUS01206,2024-11-30,Mass Market,Nairobi,Mobile App,36-45,2024-12-14,2024-12-19,4,4879.92,1,Active,Airtime,,1
CUS00876,2024-04-24,Mass Market,Nairobi,Mobile App,36-45,2024-05-13,2024-10-06,16,13675.1,3,Dormant,Merchant Pay,,1
